replies_count,participants_count,likes,comments,shares,website_type,friends,followes,safety_r,reputation,trustworthiness,child_safety,date,domain_rank
0,1,2,0,2,2,0,0,2,4,81,76,817,12993
0,0,0,0,0,2,0,0,1,0,0,0,803,0
0,1,7,0,7,2,0,0,2,3.9,77,99,820,6659
0,0,0,0,0,2,353664,342787,1,4,80,93,792,43327
0,0,0,0,0,2,0,0,0,1.2,24,28,814,0
0,1,0,0,0,2,0,0,2,3.9,77,99,820,6659
0,0,0,0,0,2,353664,342787,1,4,80,93,806,43327
0,0,0,0,0,2,596749,561904,2,3.1,63,68,819,0
0,1,0,0,0,2,0,0,1,4.6,92,90,813,51784
0,0,0,0,0,8,942660,944956,2,4.6,92,92,803,38347
0,0,0,0,0,1,393286,241968,2,4.5,90,90,820,5772
0,0,0,0,0,2,0,0,0,1.2,24,28,820,0
1,2,9,0,9,2,0,0,2,3.9,77,99,820,6659
0,1,0,0,0,2,0,0,2,4.5,89,87,814,82758
0,0,0,0,0,4,0,0,1,0,0,0,809,0
0,0,0,0,0,2,0,0,1,0,0,0,790,0
0,1,0,0,0,2,0,0,2,3.9,77,99,820,6659
0,0,0,0,0,2,0,0,1,0,0,0,812,0
0,1,1,0,1,2,0,0,2,3.9,77,99,820,6659
0,1,0,0,0,2,416437,418488,1,2.5,50,46,818,68691
0,0,0,0,0,2,247478,141344,2,4,81,85,818,14170
0,1,2,0,2,2,0,0,2,3.9,77,99,820,6659
0,1,0,0,0,2,0,0,2,4.5,89,87,801,82758
0,1,0,0,0,2,0,0,1,0,0,0,809,0
0,1,0,0,0,2,0,0,2,4.5,89,87,807,82758
0,0,357,0,357,2,569990,975522,2,4.7,94,82,815,2182
0,0,0,0,0,2,625017,615966,1,0,0,0,793,0
0,0,0,0,0,2,0,0,1,2.5,50,11,801,0
0,1,0,0,0,2,0,0,2,4.5,89,87,804,82758
0,0,0,0,0,2,0,0,1,0,0,0,817,0
0,1,0,0,0,2,0,0,1,4.6,92,90,797,51784
0,1,0,0,0,2,0,0,1,0,0,0,805,0
0,1,0,0,0,2,0,0,2,3.9,77,99,820,6659
0,0,0,0,0,2,0,0,1,0,0,0,813,0
0,1,0,0,0,2,127093,128617,2,4.3,87,87,814,23950
0,1,0,0,0,2,127093,128617,2,4.3,87,87,814,23950
0,0,0,0,0,2,0,0,1,0,0,0,808,0
0,0,0,0,0,2,0,0,1,3.1,63,77,814,0
0,0,0,0,0,2,353664,342787,1,4,80,93,815,43327
0,0,0,0,0,1,0,0,1,3,60,54,805,25689
0,1,0,0,0,2,0,0,2,4.5,89,87,818,82758
0,1,0,0,0,2,0,0,2,4.5,89,87,799,82758
0,0,0,0,0,2,0,0,1,2.5,50,28,807,0
0,0,0,0,0,2,0,0,1,0,0,0,810,0
0,0,0,0,0,2,353664,342787,1,4,80,93,812,43327
0,0,0,0,0,2,625017,615966,1,0,0,0,816,0
0,1,0,0,0,2,0,0,2,4,81,76,817,12993
0,1,0,0,0,2,0,0,1,4.6,92,90,815,51784
0,0,0,0,0,2,0,0,1,2.5,50,29,804,0
0,0,0,0,0,2,596749,561904,2,3.1,63,68,819,0
0,0,0,0,0,2,0,0,1,4.3,87,0,814,0
0,1,0,0,0,2,0,0,2,4,81,76,819,12993
0,1,0,0,0,2,0,0,2,3.9,77,99,820,6659
0,0,0,0,0,2,372227,304568,1,3.3,65,84,793,7587
0,0,0,0,0,2,0,0,1,0,0,0,808,0
0,0,0,0,0,6,0,0,1,2.3,45,41,817,11584
0,0,0,0,0,3,34089,34114,1,3.9,78,82,809,0
0,0,0,0,0,2,596749,561904,2,3.1,63,68,819,0
0,0,0,0,0,2,0,0,1,0,0,0,804,3921
0,0,0,0,0,2,0,0,1,0,0,0,808,0
0,0,0,0,0,2,108241,107041,1,2.1,42,58,794,0
0,1,0,0,0,2,0,0,1,0,0,0,792,0
0,0,0,0,0,2,21812,22454,1,3,60,0,803,0
0,0,0,0,0,3,34089,34114,1,3.9,78,82,805,0
0,0,0,0,0,2,0,0,1,0,0,0,816,30230
0,0,0,0,0,2,0,0,1,2.5,50,28,812,0
0,0,0,0,0,2,596749,561904,2,3.1,63,68,818,0
0,0,0,0,0,2,0,0,1,1.8,35,41,815,0
0,0,0,0,0,2,353664,342787,1,4,80,93,814,43327
0,0,0,0,0,2,0,0,1,0,0,0,808,3921
0,0,0,0,0,1,894063,903261,2,3.6,72,85,813,15846
0,0,0,0,0,2,0,0,1,0,0,0,798,0
0,1,0,0,0,2,0,0,1,0,0,0,816,0
0,0,0,0,0,2,0,0,1,0,0,0,807,0
0,0,0,0,0,2,18888,18517,1,3,61,68,814,0
0,1,0,0,0,2,0,0,2,4,81,76,817,12993
0,0,0,0,0,2,247478,141344,2,4,81,85,816,14170
0,0,0,0,0,2,353664,342787,1,4,80,93,806,43327
0,0,0,0,0,2,353664,342787,1,4,80,93,796,43327
0,1,0,0,0,2,0,0,1,0,0,0,803,0
0,0,0,0,0,2,0,0,1,2.5,50,11,807,0
0,0,0,0,0,2,353664,342787,1,4,80,93,794,43327
0,0,0,0,0,1,894063,903261,2,3.6,72,85,815,15846
0,0,0,0,0,2,0,0,1,3,60,62,809,0
0,1,0,0,0,2,0,0,2,4.5,89,87,814,82758
0,0,0,0,0,2,569990,975522,2,4.7,94,82,818,2182
0,1,0,0,0,2,0,0,2,4.5,89,87,818,82758
0,0,0,0,0,2,0,0,1,0,0,0,811,0
0,0,0,0,0,2,0,0,1,2.5,50,29,812,0
0,1,0,0,0,2,0,0,2,3.9,77,99,820,6659
0,0,0,0,0,2,0,0,1,0,0,0,820,0
0,1,0,0,0,2,0,0,2,4.5,89,87,819,82758
0,0,0,0,0,2,0,0,1,3.6,72,93,817,0
0,1,0,0,0,2,416437,418488,1,2.5,50,46,819,68691
0,0,0,0,0,2,0,0,1,0,0,0,798,0
0,0,0,0,0,2,0,0,1,0,0,0,812,0
0,1,0,0,0,2,0,0,2,4.5,89,87,806,82758
0,1,0,0,0,3,714,782,2,4.3,86,84,820,41475
0,0,0,0,0,2,596749,561904,2,3.1,63,68,818,0
0,0,0,0,0,2,44978,43166,2,4,81,84,808,93150
0,0,0,0,0,2,569990,975522,2,4.7,94,82,805,2182
0,0,0,0,0,2,0,0,1,4.3,87,0,815,0
0,0,0,0,0,5,37715,36421,2,4.3,86,88,811,34811
0,0,0,0,0,2,17913,17979,2,3.5,69,70,800,79662
0,1,0,0,0,2,0,0,2,4.5,89,87,804,82758
0,0,0,0,0,8,942660,944956,2,4.6,92,92,814,38347
0,0,0,0,0,2,0,0,1,0,0,0,812,0
0,0,0,0,0,2,17913,17979,2,3.5,69,70,803,79662
0,1,0,0,0,2,0,0,1,0,0,0,804,0
0,1,0,0,0,2,0,0,2,3.9,77,99,820,6659
0,1,0,0,0,2,0,0,2,4.5,89,87,804,82758
0,0,0,0,0,2,0,0,1,0,0,0,818,0
0,1,0,0,0,2,0,0,1,4.6,92,90,790,51784
0,0,0,0,0,2,596749,561904,2,3.1,63,68,819,0
0,1,0,0,0,2,0,0,1,0,0,0,810,0
0,0,0,0,0,2,0,0,0,1.2,24,28,796,0
0,1,0,0,0,2,0,0,1,0,0,0,806,0
0,0,0,0,0,2,0,0,1,0,0,0,793,0
0,0,0,0,0,2,372227,304568,1,3.3,65,84,809,7587
0,0,0,0,0,2,0,0,1,0,0,0,815,0
0,0,0,0,0,2,0,0,1,0,0,0,809,0
0,0,0,0,0,2,0,0,1,2.5,50,0,816,0
0,1,0,0,0,2,0,0,1,0,0,0,812,0
0,0,0,0,0,2,0,0,1,4.3,87,0,800,0
0,0,0,0,0,2,0,0,1,2.5,50,0,817,0
0,1,0,0,0,2,0,0,1,4.6,92,90,798,51784
0,0,0,0,0,2,0,0,1,0,0,0,800,0
0,1,0,0,0,2,0,0,2,3.9,77,99,820,6659
0,1,0,0,0,2,0,0,2,3.9,77,99,820,6659
0,0,0,0,0,2,0,0,1,0,0,0,816,0
0,1,0,0,0,2,0,0,2,4.5,89,87,805,82758
0,0,0,0,0,2,23390,23847,1,2.9,57,71,818,0
0,0,0,0,0,2,596749,561904,2,3.1,63,68,819,0
0,1,0,0,0,2,0,0,2,4.5,89,87,819,82758
0,1,0,0,0,2,0,0,1,0,0,0,802,0
0,0,0,0,0,2,0,0,1,0,0,0,809,0
0,1,0,0,0,2,127093,128617,2,4.3,87,87,814,23950
0,0,0,0,0,2,0,0,1,0,0,0,812,0
0,0,0,0,0,2,596749,561904,2,3.1,63,68,818,0
0,0,0,0,0,2,59051,60734,1,0,0,0,815,0
0,1,258,0,258,2,0,0,2,4,81,76,818,12993
0,0,0,0,0,2,0,0,1,0,0,0,814,0
0,0,0,0,0,8,942660,944956,2,4.6,92,92,810,38347
0,1,0,0,0,2,127093,128617,2,4.3,87,87,814,23950
0,0,0,0,0,2,0,0,1,0,0,0,813,0
0,0,0,0,0,2,0,0,1,2.5,50,29,797,0
0,0,0,0,0,2,247478,141344,2,4,81,85,817,14170
0,0,0,0,0,1,894063,903261,2,3.6,72,85,812,15846
0,0,0,0,0,2,246043,515530,1,0,0,0,818,486
0,1,0,0,0,2,0,0,2,4.5,89,87,811,82758
0,0,0,0,0,2,0,0,1,0,0,0,814,0
0,0,0,0,0,2,0,0,1,4.3,87,0,808,0
0,1,0,0,0,2,0,0,1,0,0,0,816,0
0,1,0,0,0,2,0,0,2,4,81,76,817,12993
17,15,10,0,10,2,0,0,2,3.9,77,99,820,6659
0,0,0,0,0,2,59051,60734,1,0,0,0,798,0
0,0,0,0,0,2,569990,975522,2,4.7,94,82,809,2182
0,1,0,0,0,2,0,0,1,0,0,0,815,0
0,1,0,0,0,2,0,0,1,0,0,0,804,0
0,0,0,0,0,2,0,0,2,4.7,94,94,818,0
0,0,0,0,0,2,353664,342787,1,4,80,93,806,43327
0,0,0,0,0,2,0,0,1,0,0,0,807,14958
0,0,564,0,564,2,569990,975522,2,4.7,94,82,811,2182
0,0,0,0,0,2,353664,342787,1,4,80,93,799,43327
0,0,0,0,0,2,0,0,1,0,0,0,816,0
0,0,0,0,0,2,353664,342787,1,4,80,93,807,43327
0,0,0,0,0,3,0,0,1,2.5,50,52,811,88660
0,0,0,0,0,2,0,0,1,2.5,50,0,807,25842
0,1,0,0,0,2,0,0,1,0,0,0,794,0
0,0,0,0,0,2,0,0,1,3,60,0,799,18896
0,0,0,0,0,2,596749,561904,2,3.1,63,68,818,0
0,0,0,0,0,8,942660,944956,2,4.6,92,92,801,38347
0,0,0,0,0,2,0,0,1,0,0,0,812,0
0,0,0,0,0,2,0,0,1,0,0,0,792,0
0,0,0,0,0,2,596749,561904,2,3.1,63,68,819,0
0,1,0,0,0,2,0,0,1,0,0,0,812,0
0,1,0,0,0,2,0,0,2,4,81,76,820,12993
0,0,0,0,0,2,0,0,1,0,0,0,817,0
0,0,0,0,0,2,0,0,1,2.8,56,56,792,44451
0,0,0,0,0,4,0,0,1,2.4,48,28,804,65078
0,0,0,0,0,2,0,0,1,0,0,0,811,0
0,0,0,0,0,2,194264,192570,2,4.3,86,89,802,70635
0,0,0,0,0,2,0,0,1,4.3,87,0,817,0
0,1,0,0,0,2,0,0,2,3.9,77,99,820,6659
0,1,0,0,0,2,0,0,2,4,81,76,818,12993
0,1,0,0,0,2,0,0,1,0,0,0,800,0
0,0,21,0,21,2,0,0,2,4.5,90,89,820,2435
0,0,0,0,0,2,0,0,1,0,0,0,798,3921
0,0,0,0,0,2,108241,107041,1,2.1,42,58,818,0
0,0,0,0,0,2,18888,18517,1,3,61,68,811,0
0,0,0,0,0,2,596749,561904,2,3.1,63,68,819,0
0,1,0,0,0,2,0,0,1,4.6,92,90,793,51784
0,1,0,0,0,2,0,0,2,4.1,82,86,819,48413
0,0,0,0,0,2,0,0,1,2.5,50,0,808,0
0,0,0,0,0,2,0,0,1,0,0,0,805,0
0,0,0,0,0,2,0,0,2,4.7,94,94,810,0
0,0,0,0,0,2,0,0,1,0,0,0,798,0
0,0,0,0,0,2,353664,342787,1,4,80,93,811,43327
0,0,0,0,0,2,0,0,1,2.5,49,51,797,0
0,0,0,0,0,2,596749,561904,2,3.1,63,68,819,0
0,0,0,0,0,2,0,0,1,0,0,0,817,0
0,0,0,0,0,7,823844,815195,2,4.7,93,89,820,16425
0,0,0,0,0,2,353664,342787,1,4,80,93,793,43327
0,1,0,0,0,2,0,0,2,4.5,89,87,811,82758
0,0,0,0,0,2,194264,192570,2,4.3,86,89,804,70635
0,0,0,0,0,3,0,0,1,2.5,50,52,792,88660
0,1,0,0,0,2,0,0,2,4.5,89,87,809,82758
0,0,0,0,0,2,0,0,1,0,0,0,819,0
0,0,0,0,0,2,0,0,1,4.3,87,0,814,0
0,0,0,0,0,2,596749,561904,2,3.1,63,68,819,0
0,0,0,0,0,2,0,0,1,2.5,50,0,805,25842
0,0,0,0,0,2,372227,304568,1,3.3,65,84,814,7587
0,0,0,0,0,2,596749,561904,2,3.1,63,68,818,0
0,1,0,0,0,2,0,0,1,0,0,0,797,0
0,0,0,0,0,2,0,0,1,2.8,56,56,792,44451
0,0,0,0,0,2,0,0,1,4.3,87,0,805,0
0,0,0,0,0,2,0,0,1,0,0,0,791,0
0,0,0,0,0,2,0,0,1,0,0,0,818,0
0,0,0,0,0,2,0,0,1,4.3,87,0,813,0
0,0,0,0,0,2,596749,561904,2,3.1,63,68,819,0
0,0,0,0,0,2,0,0,1,1.6,33,31,819,0
0,0,0,0,0,2,0,0,1,4.3,87,0,819,0
0,1,0,0,0,2,0,0,2,4.5,89,87,805,82758
0,0,0,0,0,2,596749,561904,2,3.1,63,68,818,0
0,0,0,0,0,2,596749,561904,2,3.1,63,68,819,0
0,0,0,0,0,2,596749,561904,2,3.1,63,68,818,0
0,0,0,0,0,3,34089,34114,1,3.9,78,82,819,0
0,0,0,0,0,2,596749,561904,2,3.1,63,68,819,0
0,0,0,0,0,2,0,0,1,0,0,0,804,0
0,0,0,0,0,2,108241,107041,1,2.1,42,58,817,0
0,0,0,0,0,2,0,0,1,0,0,0,818,3921
0,0,0,0,0,2,708220,627936,2,4.7,93,92,790,14716
0,1,0,0,0,2,0,0,1,4.6,92,90,815,51784
0,0,0,0,0,2,0,0,1,0,0,0,810,0
0,0,0,0,0,2,569990,975522,2,4.7,94,82,806,2182
0,0,0,0,0,2,0,0,1,0,0,0,812,0
0,0,0,0,0,2,17913,17979,2,3.5,69,70,792,79662
0,0,0,0,0,2,569990,975522,2,4.7,94,82,811,2182
0,1,0,0,0,3,714,782,2,4.3,86,84,820,41475
0,1,0,0,0,2,0,0,2,4,81,76,819,12993
0,0,0,0,0,2,17913,17979,2,3.5,69,70,817,79662
0,0,0,0,0,2,12033,12283,1,3.4,68,79,792,0
0,0,0,0,0,2,12033,12283,1,3.4,68,79,796,0
0,1,0,0,0,2,0,0,1,0,0,0,817,0
0,0,0,0,0,2,0,0,1,0,0,0,814,0
0,0,0,0,0,2,0,0,2,4.5,91,53,806,33221
0,0,0,0,0,2,0,0,2,4.7,94,94,817,0
0,0,0,0,0,2,0,0,1,0,0,0,812,0
0,0,0,0,0,2,12033,12283,1,3.4,68,79,791,0
0,0,0,0,0,2,596749,561904,2,3.1,63,68,819,0
0,0,0,0,0,2,0,0,1,4.3,87,0,798,0
0,0,0,0,0,2,0,0,1,4.3,87,0,815,0
0,1,0,0,0,2,0,0,2,4.5,89,87,811,82758
0,0,0,0,0,2,596749,561904,2,3.1,63,68,819,0
0,0,0,0,0,2,625017,615966,1,0,0,0,791,0
0,0,0,0,0,2,596749,561904,2,3.1,63,68,818,0
0,0,0,0,0,1,1393286,1241968,2,4.5,90,90,811,5772
0,0,0,0,0,2,0,0,1,2.8,56,56,818,44451
0,0,0,0,0,2,247038,239922,2,4.5,89,88,816,23405
0,0,0,0,0,2,0,0,1,0,0,0,812,0
0,0,0,0,0,2,0,0,1,0,0,0,803,0
0,0,0,0,0,2,596749,561904,2,3.1,63,68,819,0
0,0,0,0,0,2,625017,615966,1,0,0,0,802,0
0,0,0,0,0,2,0,0,1,3.1,63,77,808,0
0,0,0,0,0,2,596749,561904,2,3.1,63,68,819,0
0,0,0,0,0,2,17913,17979,2,3.5,69,70,793,79662
0,1,0,0,0,3,714,782,2,4.3,86,84,820,41475
0,0,0,0,0,2,0,0,1,0,0,0,800,0
0,0,0,0,0,2,0,0,2,4.7,94,94,809,0
0,0,0,0,0,2,0,0,1,2.5,50,29,818,0
5,5,95,0,95,2,0,0,2,3.9,77,99,820,6659
0,0,0,0,0,2,0,0,0,1.2,24,28,809,0
0,1,0,0,0,2,0,0,2,4,81,76,819,12993
0,0,0,0,0,2,0,0,1,2.5,50,29,791,0
0,0,0,0,0,2,596749,561904,2,3.1,63,68,819,0
0,1,0,0,0,2,0,0,2,4.5,89,87,811,82758
0,0,0,0,0,2,23390,23847,1,2.9,57,71,807,0
0,0,0,0,0,2,12033,12283,1,3.4,68,79,814,0
0,0,0,0,0,2,0,0,1,0,0,0,819,0
0,0,0,0,0,2,0,0,0,1.2,24,28,820,0
0,1,0,0,0,2,0,0,2,4,81,76,817,12993
0,0,0,0,0,2,0,0,1,0,0,0,814,0
0,0,0,0,0,2,0,0,1,0,0,0,812,0
0,0,0,0,0,2,17913,17979,2,3.5,69,70,795,79662
0,0,0,0,0,2,0,0,2,4.7,94,94,814,0
0,0,0,0,0,2,353664,342787,1,4,80,93,819,43327
0,0,0,0,0,2,0,0,1,3.1,63,77,808,0
0,0,0,0,0,2,10075,10561,1,4.3,86,100,812,0
0,0,0,0,0,2,0,0,1,0,0,0,809,0
0,0,0,0,0,2,10075,10561,1,4.3,86,100,816,0
0,0,0,0,0,2,0,0,1,4.3,87,0,819,0
0,0,0,0,0,8,942660,944956,2,4.6,92,92,811,38347
0,0,0,0,0,2,625017,615966,1,0,0,0,795,0
0,0,0,0,0,2,353664,342787,1,4,80,93,793,43327
0,0,0,0,0,2,0,0,2,4.7,94,94,811,0
0,0,0,0,0,2,569990,975522,2,4.7,94,82,807,2182
0,0,0,0,0,2,596749,561904,2,3.1,63,68,818,0
0,0,0,0,0,8,942660,944956,2,4.6,92,92,795,38347
0,0,0,0,0,2,0,0,1,2.8,56,56,817,44451
0,0,0,0,0,2,0,0,1,0,0,0,800,0
0,0,0,0,0,2,108241,107041,1,2.1,42,58,790,0
0,0,0,0,0,2,0,0,1,2.5,50,29,804,0
0,0,0,0,0,2,596749,561904,2,3.1,63,68,819,0
0,0,0,0,0,2,0,0,1,2.8,56,56,817,44451
0,0,0,0,0,2,0,0,1,2.5,50,0,820,0
0,1,0,0,0,2,0,0,2,4.5,89,87,818,82758
0,0,0,0,0,2,0,0,1,0,0,0,809,0
0,0,0,0,0,2,0,0,1,2.4,48,3,818,0
0,0,0,0,0,2,17913,17979,2,3.5,69,70,818,79662
0,0,0,0,0,2,0,0,1,4.3,87,0,815,0
0,0,0,0,0,3,537448,523515,2,4.2,83,86,810,37161
0,0,0,0,0,2,17913,17979,2,3.5,69,70,798,79662
0,0,0,0,0,1,894063,903261,2,3.6,72,85,797,15846
0,0,0,0,0,2,0,0,1,0,0,0,802,0
0,0,0,0,0,2,10075,10561,1,4.3,86,100,804,0
0,0,0,0,0,2,0,0,1,3.1,63,77,814,0
0,0,0,0,0,2,353664,342787,1,4,80,93,799,43327
0,0,0,0,0,2,17913,17979,2,3.5,69,70,797,79662
0,0,0,0,0,2,0,0,1,0,0,0,814,0
0,1,0,0,0,3,714,782,2,4.3,86,84,820,41475
0,0,0,0,0,2,0,0,1,0,0,0,800,0
0,0,0,0,0,8,942660,944956,2,4.6,92,92,819,18495
0,0,0,0,0,2,0,0,1,0,0,0,812,0
0,0,0,0,0,2,108241,107041,1,2.1,42,58,808,0
0,0,0,0,0,2,0,0,1,0,0,0,817,0
0,0,0,0,0,2,0,0,0,1.2,24,28,790,0
0,1,0,0,0,2,0,0,2,4.5,89,87,815,82758
0,0,0,0,0,2,596749,561904,2,3.1,63,68,818,0
0,0,0,0,0,1,894063,903261,2,3.6,72,85,796,15846
0,0,0,0,0,2,0,0,1,2.5,50,29,790,0
0,0,0,0,0,2,0,0,1,2.5,50,0,813,0
0,0,912,0,912,2,0,0,1,0,0,0,811,14958
0,1,0,0,0,2,0,0,2,4.5,89,87,806,82758
0,0,0,0,0,2,0,0,1,0,0,0,816,0
0,0,0,0,0,2,77742,76522,1,3,60,55,816,65060
0,0,0,0,0,2,23390,23847,1,2.9,57,71,812,0
0,0,0,0,0,2,0,0,1,0,0,0,813,0
0,0,0,0,0,2,0,0,1,0,0,0,818,0
0,0,0,0,0,2,17913,17979,2,3.5,69,70,811,79662
0,0,0,0,0,2,17913,17979,2,3.5,69,70,792,79662
0,0,0,0,0,2,17913,17979,2,3.5,69,70,792,79662
0,0,0,0,0,2,0,0,1,0,0,0,819,0
0,0,0,0,0,2,0,0,1,0,0,0,792,0
0,0,0,0,0,1,1393286,1241968,2,4.5,90,90,812,5772
0,0,0,0,0,2,0,0,1,0,0,0,797,0
0,0,0,0,0,2,17913,17979,2,3.5,69,70,797,79662
0,0,0,0,0,2,0,0,1,0,0,0,815,0
0,0,0,0,0,2,17913,17979,2,3.5,69,70,813,79662
0,0,0,0,0,2,353664,342787,1,4,80,93,806,43327
0,1,0,0,0,2,0,0,2,4,81,76,819,12993
0,0,0,0,0,2,0,0,1,0,0,0,809,0
0,0,0,0,0,2,0,0,1,0,0,0,802,0
0,0,0,0,0,2,0,0,1,0,0,0,819,0
0,0,0,0,0,8,942660,944956,2,4.6,92,92,800,38347
0,0,0,0,0,2,0,0,2,4.1,82,90,818,8968
0,1,0,0,0,2,0,0,2,4.1,82,86,819,48413
0,0,0,0,0,2,0,0,1,1.6,33,31,805,0
0,0,0,0,0,6,0,0,1,2.3,45,41,818,11584
0,0,0,0,0,2,194264,192570,2,4.3,86,89,803,70635
0,0,0,0,0,2,596749,561904,2,3.1,63,68,818,0
0,0,18,0,18,2,569990,975522,2,4.7,94,82,811,2182
0,0,0,0,0,2,0,0,1,0,0,0,814,0
0,0,0,0,0,2,596749,561904,2,3.1,63,68,819,0
0,0,0,0,0,2,0,0,1,0,0,0,808,32069
0,0,0,0,0,2,0,0,1,0,0,0,816,0
0,1,0,0,0,2,0,0,1,0,0,0,818,0
0,0,0,0,0,2,17913,17979,2,3.5,69,70,791,79662
0,0,0,0,0,2,353664,342787,1,4,80,93,803,43327
0,0,4,0,4,1,1393286,1241968,2,4.5,90,90,810,5772
0,0,0,0,0,2,596749,561904,2,3.1,63,68,819,0
0,0,0,0,0,2,597340,618906,1,4.7,94,61,807,0
0,0,0,0,0,2,0,0,1,2.4,48,3,812,0
0,0,0,0,0,2,0,0,1,3.3,66,61,820,17423
0,1,0,0,0,2,0,0,1,0,0,0,801,0
0,0,0,0,0,2,0,0,2,4.7,94,94,815,0
0,0,0,0,0,2,0,0,1,0,0,0,809,0
0,0,0,0,0,2,596749,561904,2,3.1,63,68,819,0
0,0,0,0,0,2,59051,60734,1,0,0,0,802,0
0,1,0,0,0,2,0,0,1,0,0,0,794,0
0,0,0,0,0,2,0,0,1,0,0,0,814,0
0,0,0,0,0,2,0,0,1,0,0,0,806,0
0,0,0,0,0,2,353664,342787,1,4,80,93,805,43327
0,0,0,0,0,2,12033,12283,1,3.4,68,79,804,0
0,0,0,0,0,2,0,0,1,4.3,87,0,816,0
0,1,0,0,0,2,0,0,2,4.5,89,87,812,82758
0,0,0,0,0,2,596749,561904,2,3.1,63,68,818,0
0,0,0,0,0,2,0,0,1,0,0,0,799,0
0,1,0,0,0,2,0,0,2,3.9,77,99,820,6659
0,0,0,0,0,2,0,0,1,0,0,0,812,57497
0,0,0,0,0,2,0,0,1,2.5,50,0,812,0
0,0,0,0,0,2,0,0,1,2.5,50,29,804,0
0,0,0,0,0,2,0,0,1,0,0,0,797,0
0,0,0,0,0,2,353664,342787,1,4,80,93,801,43327
0,0,0,0,0,2,0,0,1,0,0,0,819,0
0,1,0,0,0,2,0,0,2,4.5,89,87,807,82758
0,0,0,0,0,2,101615,104812,1,3,61,62,813,42160
0,0,0,0,0,2,596749,561904,2,3.1,63,68,819,0
0,0,0,0,0,2,0,0,1,0,0,0,790,0
0,1,0,0,0,2,0,0,2,3.9,77,99,820,6659
0,0,0,0,0,2,0,0,1,0,0,0,817,0
0,0,0,0,0,2,353664,342787,1,4,80,93,794,43327
0,0,0,0,0,2,0,0,2,4.3,85,86,800,65917
0,0,0,0,0,2,0,0,0,1.2,24,28,816,0
0,0,0,0,0,2,17913,17979,2,3.5,69,70,817,79662
0,0,0,0,0,2,0,0,1,0,0,0,790,0
0,0,0,0,0,2,0,0,1,0,0,0,809,3921
0,1,0,0,0,2,127093,128617,2,4.3,87,87,813,23950
1,2,0,0,0,2,0,0,1,0,0,0,792,0
0,0,0,0,0,2,0,0,1,0,0,0,802,0
0,0,0,0,0,2,0,0,1,4.2,84,0,805,0
0,0,0,0,0,2,0,0,1,3.3,66,61,820,17423
0,0,0,0,0,2,0,0,1,0,0,0,803,0
0,0,0,0,0,1,894063,903261,2,3.6,72,85,797,15846
0,0,0,0,0,2,0,0,1,2.5,50,0,818,3734
0,0,0,0,0,2,12033,12283,1,3.4,68,79,799,0
0,0,0,0,0,1,894063,903261,2,3.6,72,85,818,15846
0,0,0,0,0,2,0,0,1,2.5,50,29,819,0
0,0,0,0,0,2,0,0,1,0,0,0,811,0
0,0,0,0,0,2,0,0,1,2.8,56,56,811,44451
0,0,0,0,0,2,0,0,2,4.1,82,90,817,8968
0,0,0,0,0,2,353664,342787,1,4,80,93,820,43327
0,0,0,0,0,2,0,0,1,0,0,0,800,0
0,0,0,0,0,2,0,0,1,0,0,0,802,0
0,0,0,0,0,2,0,0,1,2.5,50,11,814,0
0,0,0,0,0,2,0,0,1,0,0,0,814,0
0,0,0,0,0,2,0,0,1,0,0,0,810,0
0,0,0,0,0,1,894063,903261,2,3.6,72,85,801,15846
0,0,0,0,0,2,0,0,1,2.5,50,0,811,3734
0,0,0,0,0,2,0,0,1,2.5,50,11,809,0
0,0,0,0,0,2,0,0,1,0,0,0,817,0
0,0,0,0,0,2,59051,60734,1,0,0,0,803,0
0,0,0,0,0,2,596749,561904,2,3.1,63,68,818,0
0,0,0,0,0,2,596749,561904,2,3.1,63,68,818,0
0,1,0,0,0,2,0,0,2,4,81,76,818,12993
0,0,0,0,0,1,198924,200473,1,2.9,58,76,807,0
0,1,0,0,0,2,0,0,2,4.1,82,86,813,48413
0,0,0,0,0,2,0,0,1,0,0,0,818,3921
0,0,0,0,0,2,0,0,1,0,0,0,793,0
0,0,0,0,0,2,0,0,1,0,0,0,798,0
0,0,0,0,0,2,0,0,1,4.3,87,0,814,0
0,0,0,0,0,1,0,0,1,3,60,54,814,25689
0,0,0,0,0,2,0,0,1,0,0,0,800,0
0,0,0,0,0,1,894063,903261,2,3.6,72,85,804,15846
0,0,0,0,0,2,0,0,1,0,0,0,813,0
0,0,0,0,0,2,0,0,1,0,0,0,815,0
0,0,0,0,0,2,0,0,1,0,0,0,806,3921
0,0,0,0,0,2,353664,342787,1,4,80,93,812,43327
0,1,0,0,0,2,0,0,2,4,81,76,818,12993
0,0,0,0,0,2,353664,342787,1,4,80,93,806,43327
0,0,0,0,0,2,0,0,1,0,0,0,815,67400
0,0,0,0,0,2,0,0,1,2.5,49,51,815,0
0,0,0,0,0,2,569990,975522,2,4.7,94,82,807,2182
0,1,0,0,0,2,0,0,2,4.1,82,86,819,48413
0,0,0,0,0,2,0,0,1,0,0,0,792,0
0,1,0,0,0,2,0,0,1,4.6,92,90,812,51784
0,0,0,0,0,2,569990,975522,2,4.7,94,82,820,2182
0,0,0,0,0,2,0,0,1,0,0,0,805,0
0,0,0,0,0,2,0,0,1,0,0,0,791,0
0,0,0,0,0,2,0,0,1,0,0,0,818,0
0,1,0,0,0,2,127093,128617,2,4.3,87,87,814,23950
0,0,0,0,0,2,569990,975522,2,4.7,94,82,814,2182
0,0,0,0,0,2,596749,561904,2,3.1,63,68,818,0
0,0,0,0,0,2,596749,561904,2,3.1,63,68,818,0
0,0,0,0,0,2,569990,975522,2,4.7,94,82,819,2182
0,0,0,0,0,2,0,0,1,4.3,87,0,817,0
4,5,0,0,0,2,0,0,1,0.3,7,29,820,36674
0,1,0,0,0,2,0,0,2,4.5,89,87,807,82758
0,0,0,0,0,2,0,0,1,2.5,50,0,805,0
0,0,0,0,0,2,0,0,1,0,0,0,799,0
0,0,0,0,0,2,596749,561904,2,3.1,63,68,819,0
0,0,0,0,0,2,353664,342787,1,4,80,93,805,43327
0,0,0,0,0,2,569990,975522,2,4.7,94,82,811,2182
0,0,0,0,0,1,1393286,1241968,2,4.5,90,90,819,5772
0,1,0,0,0,2,127093,128617,2,4.3,87,87,814,23950
0,0,0,0,0,2,0,0,1,4.3,87,0,794,0
0,1,0,0,0,2,0,0,2,4.5,89,87,818,82758
0,0,0,0,0,2,0,0,1,0,0,0,805,0
0,0,0,0,0,2,596749,561904,2,3.1,63,68,819,0
0,0,0,0,0,2,596749,561904,2,3.1,63,68,819,0
0,0,0,0,0,2,569990,975522,2,4.7,94,82,807,2182
0,0,0,0,0,2,569990,975522,2,4.7,94,82,810,2182
0,0,0,0,0,2,0,0,1,4.3,87,0,812,0
0,0,0,0,0,2,0,0,1,0,0,0,802,0
0,0,0,0,0,2,0,0,2,3.8,75,95,808,91187
0,0,0,0,0,2,0,0,1,3.3,66,61,820,17423
0,0,0,0,0,2,0,0,1,2.5,50,0,812,0
0,0,0,0,0,2,0,0,1,0,0,0,802,0
0,0,0,0,0,2,569990,975522,2,4.7,94,82,806,2182
0,0,0,0,0,2,0,0,1,3.6,72,80,799,0
0,0,0,0,0,2,596749,561904,2,3.1,63,68,818,0
0,0,0,0,0,2,0,0,1,0,0,0,813,0
0,0,0,0,0,2,0,0,1,2.5,50,0,792,3734
0,0,0,0,0,2,0,0,1,3.3,66,61,819,17423
0,0,0,0,0,2,353664,342787,1,4,80,93,812,43327
0,0,0,0,0,2,0,0,1,2.5,49,51,814,0
0,0,0,0,0,2,0,0,1,0,0,0,808,0
0,0,0,0,0,2,596749,561904,2,3.1,63,68,818,0
0,0,0,0,0,2,569990,975522,2,4.7,94,82,815,2182
0,0,0,0,0,2,353664,342787,1,4,80,93,793,43327
0,0,0,0,0,2,0,0,1,0,0,0,818,0
0,0,0,0,0,2,108241,107041,1,2.1,42,58,790,0
0,0,0,0,0,2,596749,561904,2,3.1,63,68,818,0
0,0,860,0,860,2,569990,975522,2,4.7,94,82,811,2182
0,0,0,0,0,2,0,0,1,0,0,0,799,0
0,0,0,0,0,2,569990,975522,2,4.7,94,82,806,2182
0,0,0,0,0,2,0,0,1,0,0,0,792,3921
0,0,0,0,0,2,372227,304568,1,3.3,65,84,796,7587
0,0,0,0,0,2,596749,561904,2,3.1,63,68,818,0
0,0,0,0,0,3,34089,34114,1,3.9,78,82,790,0
0,0,0,0,0,2,569990,975522,2,4.7,94,82,815,2182
0,0,0,0,0,2,0,0,1,0,0,0,804,0
0,0,0,0,0,2,0,0,1,0,0,0,812,0
0,0,0,0,0,2,0,0,1,2.8,56,56,813,44451
0,0,0,0,0,2,0,0,1,4.3,87,0,811,0
0,0,0,0,0,2,0,0,1,4.3,87,0,815,0
0,0,0,0,0,3,34089,34114,1,3.9,78,82,806,0
0,0,0,0,0,2,0,0,1,4.3,87,0,816,0
0,0,0,0,0,2,569990,975522,2,4.7,94,82,807,2182
0,0,0,0,0,2,108241,107041,1,2.1,42,58,803,0
0,0,0,0,0,2,596749,561904,2,3.1,63,68,818,0
0,0,0,0,0,2,353664,342787,1,4,80,93,797,43327
0,0,0,0,0,2,0,0,1,4.3,87,0,816,0
0,0,0,0,0,2,0,0,1,0,0,0,802,9645
0,0,0,0,0,2,0,0,1,3.3,66,61,820,17423
0,0,0,0,0,2,0,0,1,3.3,66,61,820,17423
0,0,0,0,0,2,0,0,1,0,0,0,809,0
0,1,0,0,0,2,0,0,1,0,0,0,799,0
0,0,0,0,0,2,0,0,1,0,0,0,805,0
0,0,0,0,0,2,0,0,1,2.4,48,3,817,0
0,1,0,0,0,2,0,0,2,4.5,89,87,801,82758
0,0,0,0,0,2,0,0,1,0,0,0,808,0
0,0,0,0,0,2,569990,975522,2,4.7,94,82,806,2182
0,0,0,0,0,2,353664,342787,1,4,80,93,805,43327
0,0,0,0,0,2,0,0,1,0,0,0,793,0
0,0,0,0,0,2,625017,615966,1,0,0,0,803,0
0,0,0,0,0,2,4155,4342,1,3.8,76,97,810,51246
0,0,0,0,0,2,0,0,1,2.8,56,56,793,44451
0,0,0,0,0,2,0,0,1,4.3,87,0,812,0
0,0,0,0,0,2,569990,975522,2,4.7,94,82,808,2182
0,0,0,0,0,2,569990,975522,2,4.7,94,82,814,2182
0,0,0,0,0,3,34089,34114,1,3.9,78,82,811,0
0,0,0,0,0,2,596749,561904,2,3.1,63,68,819,0
0,0,0,0,0,2,0,0,1,3,60,0,815,18896
0,0,0,0,0,2,0,0,1,3.1,63,77,814,0
0,0,0,0,0,2,353664,342787,1,4,80,93,807,43327
0,0,0,0,0,2,0,0,1,2.8,56,56,811,44451
0,1,0,0,0,2,0,0,1,0,0,0,812,0
0,0,0,0,0,2,353664,342787,1,4,80,93,812,43327
0,0,0,0,0,2,108241,107041,1,2.1,42,58,813,0
0,0,0,0,0,1,0,0,1,3,60,54,809,25689
0,0,0,0,0,2,0,0,1,2.5,50,11,809,0
0,0,0,0,0,2,569990,975522,2,4.7,94,82,820,2182
0,0,0,0,0,2,596749,561904,2,3.1,63,68,818,0
0,0,0,0,0,2,0,0,1,2.5,50,0,802,0
0,0,0,0,0,2,353664,342787,1,4,80,93,807,43327
0,0,0,0,0,2,0,0,1,2.8,56,56,803,44451
0,0,0,0,0,2,0,0,1,3.1,63,77,818,0
0,0,0,0,0,2,353664,342787,1,4,80,93,807,43327
0,0,0,0,0,2,0,0,1,0,0,0,806,57497
0,0,0,0,0,2,0,0,1,4.3,87,0,807,0
0,0,0,0,0,2,127093,128617,2,4.3,87,87,818,23950
0,0,0,0,0,2,0,0,1,3.1,63,77,819,0
0,0,0,0,0,2,18143,17613,1,0,0,0,797,0
0,0,0,0,0,2,616717,596782,2,3.5,70,74,810,10414
0,0,0,0,0,2,194264,192570,2,4.3,86,89,808,70635
0,0,0,0,0,2,353664,342787,1,4,80,93,806,43327
0,0,0,0,0,2,569990,975522,2,4.7,94,82,813,2182
0,0,0,0,0,2,0,0,1,3.3,66,61,820,17423
0,0,0,0,0,2,0,0,1,0,0,0,814,0
0,0,0,0,0,2,0,0,1,0,0,0,816,0
0,0,0,0,0,2,353664,342787,1,4,80,93,793,43327
0,0,0,0,0,2,0,0,1,0,0,0,817,0
0,0,0,0,0,2,353664,342787,1,4,80,93,793,43327
0,0,0,0,0,2,596749,561904,2,3.1,63,68,818,0
0,0,0,0,0,2,0,0,1,0,0,0,797,14958
0,0,0,0,0,2,353664,342787,1,4,80,93,797,43327
0,0,0,0,0,2,0,0,1,4.3,87,0,809,0
0,0,0,0,0,2,0,0,2,4.1,82,90,819,8968
0,0,0,0,0,2,861450,811206,1,2.5,50,38,798,49688
0,0,0,0,0,2,0,0,1,3.1,63,77,808,0
0,0,0,0,0,2,17913,17979,2,3.5,69,70,792,79662
0,0,0,0,0,2,353664,342787,1,4,80,93,806,43327
0,0,0,0,0,2,44978,43166,2,4,81,84,812,93150
0,0,0,0,0,2,0,0,1,2.5,50,29,805,0
0,0,0,0,0,2,0,0,1,2.8,56,56,818,44451
0,0,0,0,0,2,0,0,1,0,0,0,797,98679
0,0,0,0,0,2,0,0,1,0,0,0,812,0
0,0,0,0,0,2,0,0,1,0,0,0,806,3921
0,0,0,0,0,2,246991,243639,1,3,69,60,808,0
0,0,0,0,0,2,194264,192570,2,4.3,86,89,811,70635
0,0,0,0,0,2,596749,561904,2,3.1,63,68,819,0
0,1,0,0,0,2,0,0,2,3.9,77,99,820,6659
0,0,0,0,0,2,0,0,1,4.3,87,0,812,0
0,0,0,0,0,2,596749,561904,2,3.1,63,68,819,0
0,0,0,0,0,2,353664,342787,1,4,80,93,801,43327
0,0,0,0,0,2,12033,12283,1,3.4,68,79,801,0
0,0,0,0,0,2,0,0,1,0,0,0,818,3921
0,0,0,0,0,2,0,0,1,0,0,0,815,0
0,1,0,0,0,2,0,0,1,4.6,92,90,807,51784
0,0,0,0,0,2,353664,342787,1,4,80,93,801,43327
0,1,0,0,0,2,0,0,2,4.5,89,87,814,82758
0,0,0,0,0,2,596749,561904,2,3.1,63,68,818,0
0,0,0,0,0,2,353664,342787,1,4,80,93,813,43327
0,0,0,0,0,2,569990,975522,2,4.7,94,82,812,2182
0,0,0,0,0,2,0,0,2,4.7,94,94,813,0
0,0,0,0,0,2,0,0,1,0,0,0,799,0
0,0,0,0,0,2,996057,739361,1,3.2,64,98,811,0
0,0,0,0,0,2,44978,43166,2,4,81,84,806,93150
0,0,0,0,0,3,0,0,1,2.5,50,52,792,88660
0,0,833,0,833,7,823844,815195,2,4.7,93,89,818,16425
0,0,0,0,0,2,569990,975522,2,4.7,94,82,811,2182
0,0,0,0,0,2,569990,975522,2,4.7,94,82,806,2182
0,0,0,0,0,2,0,0,1,4.2,84,0,801,0
0,0,0,0,0,2,0,0,1,2.4,48,3,793,0
0,0,0,0,0,2,0,0,1,0,0,0,792,0
0,0,0,0,0,2,0,0,1,0,0,0,818,0
0,0,0,0,0,2,59051,60734,1,0,0,0,812,0
0,0,0,0,0,2,0,0,1,2.5,50,11,811,0
0,0,0,0,0,2,0,0,1,0,0,0,811,0
0,0,0,0,0,2,596749,561904,2,3.1,63,68,818,0
0,0,0,0,0,2,353664,342787,1,4,80,93,811,43327
0,0,431,0,431,2,569990,975522,2,4.7,94,82,818,2182
0,0,0,0,0,2,596749,561904,2,3.1,63,68,818,0
0,0,0,0,0,2,0,0,0,1.2,24,28,812,0
0,0,0,0,0,2,0,0,1,0,0,0,790,0
0,0,0,0,0,2,0,0,2,3.9,78,79,812,34478
0,0,0,0,0,2,596749,561904,2,3.1,63,68,819,0
0,0,0,0,0,2,0,0,1,2.5,50,29,798,0
0,0,0,0,0,2,108241,107041,1,2.1,42,58,817,0
0,0,0,0,0,2,596749,561904,2,3.1,63,68,819,0
0,0,0,0,0,2,0,0,1,0,0,0,813,0
0,0,0,0,0,8,942660,944956,2,4.6,92,92,803,38347
0,0,0,0,0,8,942660,944956,2,4.6,92,92,809,38347
0,0,0,0,0,2,353664,342787,1,4,80,93,793,43327
0,0,0,0,0,2,0,0,1,0,0,0,817,0
0,1,3,0,3,2,0,0,2,4,81,76,818,12993
0,0,0,0,0,2,108241,107041,1,2.1,42,58,819,0
0,0,0,0,0,2,0,0,1,4.3,87,0,798,0
0,0,800,0,800,7,823844,815195,2,4.7,93,89,819,16425
0,0,0,0,0,2,353664,342787,1,4,80,93,793,43327
0,0,0,0,0,4,0,0,1,0,0,0,809,0
0,0,0,0,0,2,0,0,1,3.1,63,77,817,0
0,0,0,0,0,2,0,0,1,0,0,0,799,0
0,0,0,0,0,2,0,0,1,0,0,0,805,0
0,0,0,0,0,2,596749,561904,2,3.1,63,68,818,0
0,0,0,0,0,8,942660,944956,2,4.6,92,92,810,38347
0,0,0,0,0,1,0,0,1,3,60,54,810,25689
0,0,0,0,0,2,353664,342787,1,4,80,93,808,43327
0,0,0,0,0,2,596749,561904,2,3.1,63,68,818,0
0,0,0,0,0,2,0,0,1,3.6,72,93,813,0
0,0,0,0,0,1,0,0,1,3,60,54,805,25689
0,0,0,0,0,2,0,0,1,3.1,63,77,818,0
0,0,0,0,0,8,942660,944956,2,4.6,92,92,820,18495
0,0,0,0,0,2,569990,975522,2,4.7,94,82,815,2182
0,0,0,0,0,2,0,0,1,0,0,0,805,0
0,0,0,0,0,2,17913,17979,2,3.5,69,70,818,79662
0,0,0,0,0,2,372227,304568,1,3.3,65,84,816,7587
0,0,793,0,793,2,569990,975522,2,4.7,94,82,805,2182
0,1,0,0,0,2,0,0,2,3.9,77,99,820,6659
0,0,0,0,0,2,0,0,2,4.3,85,86,801,65917
0,0,0,0,0,2,0,0,2,4.7,93,90,804,56487
0,0,0,0,0,2,0,0,1,4.2,84,0,804,0
0,0,0,0,0,7,823844,815195,2,4.7,93,89,804,16425
0,0,0,0,0,2,0,0,1,0,0,0,804,0
0,0,0,0,0,1,894063,903261,2,3.6,72,85,793,15846
0,0,0,0,0,2,596749,561904,2,3.1,63,68,818,0
0,1,0,0,0,2,0,0,2,4.5,89,87,819,82758
0,0,0,0,0,2,596749,561904,2,3.1,63,68,819,0
0,0,0,0,0,2,0,0,1,2.5,50,0,796,0
0,0,0,0,0,2,0,0,1,0,0,0,814,0
0,0,0,0,0,2,596749,561904,2,3.1,63,68,819,0
0,0,0,0,0,2,12033,12283,1,3.4,68,79,792,0
0,0,0,0,0,2,0,0,1,0,0,0,807,0
0,0,0,0,0,2,0,0,1,0,0,0,809,0
0,0,0,0,0,4,0,0,1,0,0,0,807,0
0,0,0,0,0,5,0,0,1,2.3,45,24,795,25945
0,0,0,0,0,8,942660,944956,2,4.6,92,92,802,38347
0,0,0,0,0,2,596749,561904,2,3.1,63,68,818,0
0,0,0,0,0,2,0,0,1,3.1,63,77,817,0
0,0,0,0,0,2,0,0,1,3.3,66,61,820,17423
0,0,0,0,0,2,127093,128617,2,4.3,87,87,819,23950
0,0,0,0,0,2,10075,10561,1,4.3,86,100,803,0
0,0,0,0,0,2,0,0,1,0,0,0,805,3921
0,0,0,0,0,2,0,0,1,2.5,50,0,819,0
0,0,0,0,0,2,17913,17979,2,3.5,69,70,799,79662
0,0,0,0,0,2,0,0,1,0,0,0,807,0
0,0,0,0,0,2,0,0,2,4.7,94,94,820,0
0,0,0,0,0,2,0,0,1,0,0,0,818,0
0,0,0,0,0,2,0,0,1,3.1,63,77,818,0
0,0,0,0,0,2,0,0,2,4.2,83,80,819,18369
0,0,0,0,0,1,894063,903261,2,3.6,72,85,793,15846
0,0,0,0,0,2,0,0,1,0,0,0,805,0
0,0,0,0,0,2,0,0,1,0,0,0,813,0
0,0,0,0,0,2,596749,561904,2,3.1,63,68,818,0
0,0,0,0,0,1,894063,903261,2,3.6,72,85,799,15846
0,0,0,0,0,2,416437,418488,1,2.5,50,46,819,68691
0,0,0,0,0,2,17913,17979,2,3.5,69,70,809,79662
0,0,0,0,0,2,0,0,1,4.3,87,0,819,0
0,0,0,0,0,2,0,0,1,0,0,0,817,0
0,1,0,0,0,2,0,0,2,4.5,89,87,809,82758
0,0,0,0,0,2,0,0,1,2.5,50,11,815,0
0,0,0,0,0,2,0,0,1,4.3,87,0,801,0
0,0,0,0,0,2,0,0,1,3.3,66,61,818,17423
0,0,0,0,0,2,0,0,1,0,0,0,814,0
0,0,2,0,2,2,569990,975522,2,4.7,94,82,819,2182
0,0,0,0,0,2,0,0,1,2.8,56,56,820,44451
0,0,0,0,0,2,353664,342787,1,4,80,93,812,43327
0,0,0,0,0,1,894063,903261,2,3.6,72,85,805,15846
0,0,0,0,0,2,0,0,1,4.2,84,0,810,0
0,0,0,0,0,2,849215,908970,1,4.5,90,97,817,48175
0,0,0,0,0,2,17913,17979,2,3.5,69,70,820,79662
0,0,0,0,0,2,0,0,1,0,0,0,809,3921
0,0,0,0,0,2,353664,342787,1,4,80,93,805,43327
0,0,0,0,0,2,0,0,1,2.5,50,11,812,0
0,0,0,0,0,2,353664,342787,1,4,80,93,806,43327
0,1,0,0,0,2,0,0,2,4.5,89,87,805,82758
0,0,0,0,0,2,0,0,1,3,60,62,815,0
0,0,0,0,0,2,596749,561904,2,3.1,63,68,819,0
0,0,0,0,0,2,596749,561904,2,3.1,63,68,819,0
0,0,0,0,0,2,0,0,1,0,0,0,798,0
0,0,0,0,0,2,0,0,1,0,0,0,804,0
0,0,0,0,0,2,353664,342787,1,4,80,93,805,43327
0,0,0,0,0,2,59051,60734,1,0,0,0,809,0
0,0,0,0,0,2,0,0,1,2.8,56,56,817,44451
0,0,0,0,0,2,0,0,1,0,0,0,819,0
0,1,0,0,0,2,0,0,1,4.6,92,90,814,51784
0,0,0,0,0,2,1710,1674,1,3.2,64,98,800,0
0,0,0,0,0,2,0,0,1,0,0,0,809,0
0,0,0,0,0,2,353664,342787,1,4,80,93,806,43327
0,0,0,0,0,2,0,0,1,2.5,50,0,800,0
0,0,0,0,0,2,596749,561904,2,3.1,63,68,819,0
0,0,0,0,0,1,894063,903261,2,3.6,72,85,798,15846
0,0,0,0,0,2,194264,192570,2,4.3,86,89,816,70635
0,0,0,0,0,2,0,0,1,3.1,63,77,817,0
0,1,0,0,0,2,0,0,2,3.9,77,99,820,6659
0,0,0,0,0,2,0,0,1,4.3,87,0,812,0
0,0,0,0,0,1,894063,903261,2,3.6,72,85,814,15846
0,0,0,0,0,2,596749,561904,2,3.1,63,68,818,0
0,0,0,0,0,2,17913,17979,2,3.5,69,70,802,79662
0,0,0,0,0,2,0,0,1,0,0,0,819,0
0,0,0,0,0,2,0,0,1,0,0,0,806,0
0,0,0,0,0,2,569990,975522,2,4.7,94,82,806,2182
0,0,0,0,0,2,0,0,0,1.2,24,28,807,0
0,0,0,0,0,2,0,0,1,2.5,50,28,810,0
0,0,0,0,0,2,17913,17979,2,3.5,69,70,810,79662
0,0,0,0,0,2,0,0,1,2.5,50,11,815,0
0,0,0,0,0,2,0,0,2,4.7,94,94,814,0
0,0,0,0,0,1,894063,903261,2,3.6,72,85,794,15846
0,0,0,0,0,2,17913,17979,2,3.5,69,70,811,79662
0,0,0,0,0,1,894063,903261,2,3.6,72,85,798,15846
0,0,0,0,0,2,17913,17979,2,3.5,69,70,802,79662
0,0,0,0,0,2,17913,17979,2,3.5,69,70,793,79662
0,0,0,0,0,1,0,0,1,3,60,54,793,25689
0,0,0,0,0,2,247478,141344,2,4,81,85,818,14170
0,0,0,0,0,2,569990,975522,2,4.7,94,82,811,2182
0,0,0,0,0,2,0,0,2,4.7,94,94,811,0
0,0,0,0,0,2,194264,192570,2,4.3,86,89,811,70635
0,0,0,0,0,2,569990,975522,2,4.7,94,82,814,2182
0,0,0,0,0,2,0,0,1,3.1,63,77,798,0
0,0,0,0,0,2,17913,17979,2,3.5,69,70,802,79662
0,0,0,0,0,2,17913,17979,2,3.5,69,70,801,79662
0,0,0,0,0,2,23390,23847,1,2.9,57,71,816,0
0,0,0,0,0,2,0,0,1,0,0,0,801,0
0,0,0,0,0,1,0,0,1,3,60,54,805,25689
0,0,597,0,597,2,569990,975522,2,4.7,94,82,813,2182
0,0,0,0,0,2,569990,975522,2,4.7,94,82,812,2182
0,1,0,0,0,2,0,0,1,4.6,92,90,811,51784
0,0,0,0,0,2,17913,17979,2,3.5,69,70,804,79662
0,0,0,0,0,2,625017,615966,1,0,0,0,800,0
0,0,0,0,0,2,0,0,1,2.4,48,3,819,0
0,0,0,0,0,2,596749,561904,2,3.1,63,68,818,0
0,0,0,0,0,2,46811,46221,1,2.6,52,57,815,60463
0,0,0,0,0,2,0,0,1,0,0,0,810,0
0,0,0,0,0,2,596749,561904,2,3.1,63,68,818,0
0,0,0,0,0,2,0,0,2,4.7,94,94,810,0
0,0,0,0,0,3,34089,34114,1,3.9,78,82,802,0
0,0,0,0,0,2,17913,17979,2,3.5,69,70,811,79662
0,0,0,0,0,3,34089,34114,1,3.9,78,82,814,0
0,0,0,0,0,3,34089,34114,1,3.9,78,82,804,0
0,1,0,0,0,2,0,0,2,4,81,76,819,12993
0,0,0,0,0,2,353664,342787,1,4,80,93,815,43327
0,0,0,0,0,2,0,0,1,0,0,0,792,0
0,0,0,0,0,1,894063,903261,2,3.6,72,85,804,15846
0,0,0,0,0,3,34089,34114,1,3.9,78,82,790,0
0,0,0,0,0,2,0,0,1,0,0,0,803,17366
0,0,0,0,0,1,894063,903261,2,3.6,72,85,803,15846
0,0,0,0,0,8,942660,944956,2,4.6,92,92,806,38347
0,0,0,0,0,2,111715,106115,2,3.3,65,70,819,40480
0,0,0,0,0,2,247478,141344,2,4,81,85,818,14170
0,0,0,0,0,2,17913,17979,2,3.5,69,70,796,79662
0,0,0,0,0,3,0,0,1,2.5,50,52,810,88660
0,0,0,0,0,2,0,0,2,4.7,94,94,816,0
0,0,0,0,0,2,108241,107041,1,2.1,42,58,804,0
0,0,0,0,0,2,0,0,1,3.3,66,61,820,17423
0,1,0,0,0,2,0,0,2,4.5,89,87,812,82758
0,0,0,0,0,2,569990,975522,2,4.7,94,82,812,2182
0,1,0,0,0,2,0,0,1,0,0,0,793,0
0,0,0,0,0,2,569990,975522,2,4.7,94,82,812,2182
0,0,0,0,0,2,353664,342787,1,4,80,93,794,43327
0,0,0,0,0,2,596749,561904,2,3.1,63,68,819,0
0,0,943,0,943,2,569990,975522,2,4.7,94,82,812,2182
0,0,0,0,0,2,0,0,1,2.5,50,11,818,0
0,1,0,0,0,2,0,0,2,4.5,89,87,811,82758
0,0,0,0,0,2,596749,561904,2,3.1,63,68,819,0
0,1,0,0,0,2,0,0,2,4.5,89,87,801,82758
0,0,0,0,0,2,596749,561904,2,3.1,63,68,818,0
0,0,0,0,0,2,353664,342787,1,4,80,93,806,43327
0,0,0,0,0,2,17913,17979,2,3.5,69,70,804,79662
0,0,0,0,0,2,0,0,1,0,0,0,811,0
0,0,0,0,0,2,17913,17979,2,3.5,69,70,795,79662
0,0,0,0,0,2,625017,615966,1,0,0,0,791,0
0,0,0,0,0,2,0,0,1,0,0,0,809,0
0,0,0,0,0,1,894063,903261,2,3.6,72,85,807,15846
0,0,0,0,0,2,0,0,1,0,0,0,812,0
0,0,0,0,0,2,31181,31205,1,2.5,50,33,818,0
0,0,0,0,0,2,17913,17979,2,3.5,69,70,791,79662
0,0,0,0,0,2,17913,17979,2,3.5,69,70,801,79662
0,0,0,0,0,2,569990,975522,2,4.7,94,82,812,2182
0,0,0,0,0,2,596749,561904,2,3.1,63,68,819,0
0,0,0,0,0,2,0,0,1,4.3,87,0,814,0
0,0,0,0,0,2,0,0,2,4.7,94,94,816,0
0,0,856,0,856,2,569990,975522,2,4.7,94,82,805,2182
0,0,0,0,0,2,596749,561904,2,3.1,63,68,818,0
0,0,0,0,0,2,0,0,1,3.1,63,77,814,0
0,0,0,0,0,2,17913,17979,2,3.5,69,70,816,79662
0,0,0,0,0,2,0,0,1,2.8,56,56,812,44451
0,0,0,0,0,2,0,0,1,0,0,0,811,0
0,0,0,0,0,2,0,0,1,4.3,87,0,803,0
0,0,0,0,0,2,569990,975522,2,4.7,94,82,807,2182
0,0,0,0,0,1,894063,903261,2,3.6,72,85,805,15846
0,0,0,0,0,8,942660,944956,2,4.6,92,92,803,38347
0,0,0,0,0,3,34089,34114,1,3.9,78,82,811,0
0,0,0,0,0,2,569990,975522,2,4.7,94,82,813,2182
0,0,0,0,0,2,569990,975522,2,4.7,94,82,807,2182
0,0,0,0,0,2,0,0,1,0,0,0,814,0
0,0,0,0,0,2,0,0,1,0,0,0,808,0
0,0,676,0,676,2,569990,975522,2,4.7,94,82,814,2182
0,0,0,0,0,1,1393286,1241968,2,4.5,90,90,808,5772
0,0,278,0,278,2,569990,975522,2,4.7,94,82,813,2182
0,0,0,0,0,2,0,0,1,4.3,87,0,798,0
0,0,0,0,0,2,596749,561904,2,3.1,63,68,819,0
0,0,0,0,0,2,17913,17979,2,3.5,69,70,800,79662
0,0,0,0,0,2,0,0,1,0,0,0,813,17592
0,0,0,0,0,2,569990,975522,2,4.7,94,82,807,2182
0,0,0,0,0,2,0,0,1,0,0,0,790,0
0,1,0,0,0,2,0,0,2,3.9,77,99,820,6659
0,0,0,0,0,2,569990,975522,2,4.7,94,82,819,2182
0,0,0,0,0,2,569990,975522,2,4.7,94,82,806,2182
0,0,0,0,0,2,569990,975522,2,4.7,94,82,808,2182
0,0,623,0,623,2,569990,975522,2,4.7,94,82,811,2182
0,0,0,0,0,2,596749,561904,2,3.1,63,68,818,0
0,0,0,0,0,2,569990,975522,2,4.7,94,82,814,2182
0,0,14,0,14,2,569990,975522,2,4.7,94,82,811,2182
0,0,29,0,29,2,569990,975522,2,4.7,94,82,814,2182
0,0,0,0,0,2,596749,561904,2,3.1,63,68,819,0
0,0,0,0,0,2,569990,975522,2,4.7,94,82,806,2182
0,0,0,0,0,2,569990,975522,2,4.7,94,82,805,2182
0,0,132,0,132,2,569990,975522,2,4.7,94,82,815,2182
0,0,0,0,0,2,422556,424165,2,4.3,87,87,819,538
0,0,0,0,0,2,569990,975522,2,4.7,94,82,806,2182
0,0,0,0,0,3,34089,34114,1,3.9,78,82,804,0
0,0,0,0,0,2,0,0,1,0,0,0,803,0
0,0,0,0,0,2,596749,561904,2,3.1,63,68,819,0
0,0,821,0,821,2,569990,975522,2,4.7,94,82,814,2182
0,0,0,0,0,2,0,0,1,4.6,92,90,800,51784
0,0,0,0,0,2,0,0,1,0,0,0,814,0
0,0,0,0,0,2,353664,342787,1,4,80,93,794,43327
0,0,0,0,0,2,569990,975522,2,4.7,94,82,820,2182
0,0,0,0,0,2,0,0,2,4.7,94,94,819,0
0,1,0,0,0,2,0,0,2,4.5,89,87,802,82758
0,0,0,0,0,2,353664,342787,1,4,80,93,806,43327
0,0,0,0,0,2,0,0,1,0,0,0,803,67959
0,0,0,0,0,2,569990,975522,2,4.7,94,82,817,2182
0,0,0,0,0,2,569990,975522,2,4.7,94,82,814,2182
0,0,30,0,30,2,569990,975522,2,4.7,94,82,812,2182
0,0,0,0,0,2,596749,561904,2,3.1,63,68,818,0
0,0,0,0,0,8,942660,944956,2,4.6,92,92,820,18495
0,0,0,0,0,2,0,0,1,0,0,0,814,0
0,0,0,0,0,2,596749,561904,2,3.1,63,68,819,0
0,0,0,0,0,2,569990,975522,2,4.7,94,82,814,2182
0,0,8,0,8,2,569990,975522,2,4.7,94,82,813,2182
0,0,0,0,0,2,0,0,2,4.7,94,94,820,0
0,0,0,0,0,2,0,0,2,4.1,82,90,817,8968
0,1,0,0,0,2,0,0,2,4.5,89,87,802,82758
0,0,0,0,0,2,0,0,1,0,0,0,802,0
0,0,0,0,0,2,0,0,1,2.5,50,0,816,0
0,0,0,0,0,2,353664,342787,1,4,80,93,807,43327
0,0,0,0,0,2,569990,975522,2,4.7,94,82,818,2182
0,0,0,0,0,2,569990,975522,2,4.7,94,82,814,2182
0,0,0,0,0,4,0,0,1,0,0,0,808,0
0,0,0,0,0,2,0,0,1,0,0,0,797,3921
0,0,0,0,0,2,596749,561904,2,3.1,63,68,819,0
0,0,0,0,0,2,596749,561904,2,3.1,63,68,818,0
0,0,0,0,0,1,894063,903261,2,3.6,72,85,819,15846
0,0,0,0,0,2,596749,561904,2,3.1,63,68,818,0
0,0,0,0,0,2,569990,975522,2,4.7,94,82,806,2182
0,1,856,0,856,2,0,0,2,4,81,76,818,12993
0,0,0,0,0,2,0,0,1,0,0,0,808,0
0,0,0,0,0,2,0,0,1,3,60,0,816,18896
0,0,0,0,0,2,0,0,2,4.5,91,53,802,33221
0,0,0,0,0,2,372227,304568,1,3.3,65,84,798,7587
0,0,61,0,61,2,569990,975522,2,4.7,94,82,812,2182
0,0,0,0,0,2,353664,342787,1,4,80,93,794,43327
0,0,0,0,0,2,569990,975522,2,4.7,94,82,819,2182
0,0,0,0,0,2,247478,141344,2,4,81,85,820,14170
0,0,9,0,9,2,569990,975522,2,4.7,94,82,814,2182
0,0,0,0,0,2,353664,342787,1,4,80,93,814,43327
0,0,0,0,0,2,0,0,1,4.3,87,0,803,0
0,1,0,0,0,2,0,0,2,4.5,89,87,806,82758
0,0,0,0,0,2,0,0,1,0,0,0,807,0
0,0,0,0,0,2,0,0,1,3.3,66,61,820,17423
0,0,0,0,0,2,0,0,1,0,0,0,810,0
0,0,0,0,0,3,0,0,1,2.5,50,52,814,88660
0,0,0,0,0,2,0,0,1,0,0,0,817,0
0,0,0,0,0,2,0,0,1,0,0,0,819,0
0,0,0,0,0,2,596749,561904,2,3.1,63,68,819,0
0,0,0,0,0,2,0,0,1,0,0,0,802,0
0,1,0,0,0,2,0,0,2,3.9,77,99,820,6659
0,0,0,0,0,2,0,0,1,0,0,0,793,3921
0,0,0,0,0,2,0,0,2,4.1,82,90,818,8968
0,0,0,0,0,8,942660,944956,2,4.6,92,92,819,18495
0,0,0,0,0,2,569990,975522,2,4.7,94,82,818,2182
0,0,517,0,517,7,823844,815195,2,4.7,93,89,804,16425
0,0,0,0,0,2,0,0,1,2.4,48,3,791,0
0,0,0,0,0,4,0,0,1,0,0,0,792,0
0,0,0,0,0,2,0,0,1,2.9,58,80,806,0
0,0,0,0,0,2,0,0,1,0,0,0,819,0
0,0,0,0,0,2,0,0,1,0,0,0,813,0
0,1,0,0,0,2,0,0,2,4.5,89,87,812,82758
0,0,942,0,942,2,569990,975522,2,4.7,94,82,816,2182
0,0,0,0,0,2,616717,596782,2,3.5,70,74,819,10414
0,0,0,0,0,2,0,0,2,4.7,94,94,815,0
0,0,0,0,0,2,0,0,1,0,0,0,803,3921
0,0,0,0,0,2,0,0,1,2.8,56,56,808,44451
0,0,0,0,0,2,353664,342787,1,4,80,93,814,43327
0,0,0,0,0,2,0,0,1,0,0,0,800,0
0,0,0,0,0,2,17913,17979,2,3.5,69,70,790,79662
0,1,3,0,3,2,0,0,2,4,81,76,817,12993
0,0,0,0,0,2,0,0,1,0,0,0,806,3921
0,0,0,0,0,2,0,0,1,2.5,50,11,819,0
0,0,0,0,0,2,17913,17979,2,3.5,69,70,820,79662
0,0,0,0,0,2,0,0,1,2.5,50,0,802,0
0,0,0,0,0,2,596749,561904,2,3.1,63,68,819,0
0,0,0,0,0,1,0,0,1,3,60,54,811,25689
0,0,0,0,0,2,596749,561904,2,3.1,63,68,818,0
0,0,0,0,0,2,0,0,1,0,0,0,801,0
0,0,0,0,0,2,0,0,1,2.5,50,0,808,0
0,0,0,0,0,2,0,0,1,0,0,0,794,0
0,0,0,0,0,2,0,0,1,0,0,0,805,3921
0,0,0,0,0,2,0,0,1,2.5,50,11,792,0
0,0,0,0,0,2,1402,1375,1,0,0,0,811,0
0,0,0,0,0,2,353664,342787,1,4,80,93,805,43327
0,0,0,0,0,2,596749,561904,2,3.1,63,68,818,0
0,0,0,0,0,2,0,0,1,0,0,0,808,0
0,1,0,0,0,2,0,0,2,4.5,89,87,818,82758
0,0,0,0,0,2,17913,17979,2,3.5,69,70,802,79662
0,0,0,0,0,2,596749,561904,2,3.1,63,68,819,0
0,0,0,0,0,2,0,0,1,0.3,7,29,818,36674
0,0,0,0,0,2,59051,60734,1,0,0,0,818,0
0,0,0,0,0,2,0,0,1,0,0,0,790,0
0,0,0,0,0,2,0,0,1,2.5,50,0,792,0
0,0,0,0,0,2,569990,975522,2,4.7,94,82,815,2182
0,0,0,0,0,2,724899,724899,2,4.3,85,87,800,23349
0,0,0,0,0,2,353664,342787,1,4,80,93,806,43327
0,0,0,0,0,2,108241,107041,1,2.1,42,58,813,0
0,0,0,0,0,2,372227,304568,1,3.3,65,84,814,7587
0,0,0,0,0,2,0,0,2,4.4,88,88,818,61423
0,0,0,0,0,2,0,0,1,4.2,84,0,812,0
0,0,0,0,0,2,353664,342787,1,4,80,93,808,43327
0,0,0,0,0,2,17913,17979,2,3.5,69,70,799,79662
0,0,0,0,0,2,0,0,1,0,0,0,793,0
0,0,0,0,0,1,894063,903261,2,3.6,72,85,815,15846
0,0,0,0,0,2,17913,17979,2,3.5,69,70,810,79662
0,0,0,0,0,1,894063,903261,2,3.6,72,85,819,15846
0,0,0,0,0,2,569990,975522,2,4.7,94,82,808,2182
0,0,0,0,0,2,353664,342787,1,4,80,93,807,43327
0,0,0,0,0,2,569990,975522,2,4.7,94,82,813,2182
0,0,0,0,0,2,0,0,1,0,0,0,815,61606
0,0,0,0,0,2,194264,192570,2,4.3,86,89,799,70635
0,0,0,0,0,2,0,0,1,0,0,0,808,0
0,0,777,0,777,2,569990,975522,2,4.7,94,82,806,2182
0,0,0,0,0,2,0,0,1,3.5,70,0,817,87365
0,0,0,0,0,2,0,0,1,2.5,50,0,805,0
0,0,0,0,0,2,0,0,1,0,0,0,817,0
0,0,0,0,0,2,569990,975522,2,4.7,94,82,819,2182
0,0,0,0,0,2,353664,342787,1,4,80,93,814,43327
0,1,0,0,0,2,0,0,2,4.5,89,87,812,82758
0,0,0,0,0,2,596749,561904,2,3.1,63,68,818,0
0,0,0,0,0,2,17913,17979,2,3.5,69,70,819,79662
0,0,0,0,0,2,353664,342787,1,4,80,93,806,43327
0,0,0,0,0,2,10075,10561,1,4.3,86,100,802,0
0,0,0,0,0,2,0,0,1,3,60,0,793,18896
0,1,0,0,0,2,0,0,2,4.5,89,87,805,82758
0,1,0,0,0,3,714,782,2,4.3,86,84,820,41475
0,0,0,0,0,2,0,0,1,0,0,0,814,0
0,0,654,0,654,2,569990,975522,2,4.7,94,82,812,2182
0,0,0,0,0,1,0,0,1,3,60,54,814,25689
0,0,0,0,0,2,569990,975522,2,4.7,94,82,806,2182
0,0,0,0,0,2,0,0,1,0,0,0,793,0
0,1,0,0,0,2,0,0,2,4.5,89,87,802,82758
0,0,0,0,0,2,0,0,1,0,0,0,798,98679
0,0,0,0,0,2,0,0,2,4.7,94,94,811,0
0,0,0,0,0,2,569990,975522,2,4.7,94,82,807,2182
0,0,0,0,0,2,0,0,1,0,0,0,815,0
0,0,0,0,0,2,353664,342787,1,4,80,93,793,43327
0,0,0,0,0,2,569990,975522,2,4.7,94,82,806,2182
0,0,0,0,0,2,0,0,1,2.8,56,56,811,44451
0,0,0,0,0,2,0,0,1,0,0,0,820,0
0,0,666,0,666,2,569990,975522,2,4.7,94,82,813,2182
0,1,0,0,0,2,127093,128617,2,4.3,87,87,814,23950
0,0,0,0,0,2,0,0,1,3.6,72,93,798,0
0,0,0,0,0,2,596749,561904,2,3.1,63,68,819,0
0,0,0,0,0,2,569990,975522,2,4.7,94,82,806,2182
0,1,0,0,0,2,0,0,2,4.5,89,87,806,82758
0,0,0,0,0,2,0,0,1,0,0,0,811,0
0,1,0,0,0,2,0,0,2,4.5,89,87,804,82758
0,0,0,0,0,2,569990,975522,2,4.7,94,82,805,2182
0,1,0,0,0,2,0,0,2,3.9,77,99,820,6659
0,0,0,0,0,2,0,0,1,2.5,50,11,818,0
0,0,0,0,0,2,569990,975522,2,4.7,94,82,806,2182
0,0,0,0,0,1,894063,903261,2,3.6,72,85,792,15846
0,0,0,0,0,2,10252,10661,1,3.3,65,82,816,0
0,1,0,0,0,2,0,0,2,4.5,89,87,804,82758
0,1,0,0,0,3,714,782,2,4.3,86,84,820,41475
0,0,0,0,0,2,569990,975522,2,4.7,94,82,806,2182
0,1,0,0,0,2,0,0,2,4.5,89,87,809,82758
0,0,0,0,0,2,353664,342787,1,4,80,93,806,43327
0,0,17,0,17,2,569990,975522,2,4.7,94,82,815,2182
0,0,0,0,0,2,596749,561904,2,3.1,63,68,819,0
0,1,0,0,0,2,0,0,1,0,0,0,796,0
0,0,0,0,0,2,569990,975522,2,4.7,94,82,808,2182
0,1,0,0,0,2,127093,128617,2,4.3,87,87,818,23950
0,0,0,0,0,2,596749,561904,2,3.1,63,68,819,0
0,0,0,0,0,2,569990,975522,2,4.7,94,82,805,2182
0,0,0,0,0,2,0,0,2,4.5,90,89,810,54210
0,0,0,0,0,3,34089,34114,1,3.9,78,82,802,0
0,0,0,0,0,2,0,0,1,0,0,0,808,0
0,0,0,0,0,2,4155,4342,1,3.8,76,97,804,51246
0,0,0,0,0,2,0,0,1,0,0,0,810,0
0,0,0,0,0,2,0,0,1,0,0,0,803,0
2,3,0,0,0,2,0,0,2,4,81,76,819,12993
0,0,0,0,0,2,0,0,1,0,0,0,808,0
0,0,555,0,555,2,569990,975522,2,4.7,94,82,815,2182
0,0,0,0,0,2,0,0,1,2.5,49,51,810,0
0,0,0,0,0,2,0,0,1,0,0,0,820,32069
0,0,0,0,0,2,569990,975522,2,4.7,94,82,812,2182
0,0,0,0,0,2,353664,342787,1,4,80,93,793,43327
0,1,0,0,0,2,0,0,2,3.9,77,99,820,6659
0,0,0,0,0,2,0,0,1,3,60,0,815,0
0,0,0,0,0,2,0,0,2,4.1,82,90,820,8968
0,0,0,0,0,2,0,0,2,4.7,94,94,819,0
0,0,0,0,0,3,34089,34114,1,3.9,78,82,809,0
0,0,0,0,0,2,353664,342787,1,4,80,93,797,43327
0,1,0,0,0,2,0,0,2,4.5,89,87,815,82758
0,1,0,0,0,2,0,0,2,4.5,89,87,812,82758
0,0,0,0,0,2,0,0,1,2.5,50,0,815,0
0,0,490,0,490,2,569990,975522,2,4.7,94,82,814,2182
0,0,0,0,0,2,17913,17979,2,3.5,69,70,791,79662
0,0,0,0,0,2,358261,150020,2,3.6,73,71,819,10352
0,0,0,0,0,2,0,0,1,0,0,0,794,0
0,1,0,0,0,2,0,0,1,0,0,0,799,0
0,1,0,0,0,2,0,0,2,4.5,89,87,807,82758
0,1,0,0,0,2,0,0,2,4.5,89,87,806,82758
0,0,0,0,0,1,0,0,1,3,60,54,808,25689
0,0,0,0,0,2,569990,975522,2,4.7,94,82,806,2182
0,0,0,0,0,1,894063,903261,2,3.6,72,85,818,15846
0,1,0,0,0,2,0,0,2,4.5,89,87,805,82758
0,1,0,0,0,2,0,0,2,4.5,89,87,804,82758
0,0,0,0,0,2,616717,596782,2,3.5,70,74,813,10414
0,1,0,0,0,2,0,0,2,4.5,89,87,812,82758
0,0,0,0,0,2,569990,975522,2,4.7,94,82,808,2182
0,0,0,0,0,1,0,0,1,3,60,54,806,25689
0,0,0,0,0,2,0,0,1,0,0,0,811,0
0,1,0,0,0,2,0,0,2,4.5,89,87,815,82758
0,1,0,0,0,2,127093,128617,2,4.3,87,87,818,23950
0,1,0,0,0,2,0,0,2,4.5,89,87,815,82758
0,1,0,0,0,2,0,0,2,4.5,89,87,811,82758
0,1,0,0,0,2,0,0,2,4.5,89,87,819,82758
0,1,0,0,0,2,0,0,2,4.5,89,87,819,82758
0,1,0,0,0,2,0,0,2,4.5,89,87,806,82758
0,1,188,0,188,2,0,0,2,3.9,77,99,820,6659
0,1,0,0,0,2,0,0,1,4.6,92,90,820,51784
0,1,0,0,0,2,0,0,2,4.5,89,87,811,82758
0,1,0,0,0,2,0,0,2,4.5,89,87,801,82758
0,1,0,0,0,2,0,0,2,4.5,89,87,805,82758
0,1,0,0,0,2,0,0,2,4.5,89,87,819,82758
0,1,0,0,0,2,31190,31215,1,2.5,50,33,817,0
0,1,0,0,0,2,0,0,1,3.1,62,77,819,0
0,0,0,0,0,2,0,0,2,4.5,91,88,799,40299
0,1,0,0,0,2,0,0,1,3.9,77,0,806,0
0,1,0,0,0,2,247459,141328,2,4,81,85,817,14170
0,1,0,0,0,2,0,0,1,3.4,67,78,818,77628
0,1,0,0,0,2,127093,128617,2,4.3,87,87,815,23950
0,1,0,0,0,2,0,0,1,3.1,63,86,816,91878
0,0,0,0,0,8,942649,944949,2,4.6,92,92,818,18495
0,1,0,0,0,2,416462,418512,1,2.5,50,46,808,68691
0,1,0,0,0,2,0,0,1,1.7,34,35,819,32398
0,1,0,0,0,2,127093,128617,2,4.3,87,87,814,23950
0,1,0,0,0,2,31593,30850,1,3.5,63,85,792,0
0,1,0,0,0,2,0,0,1,3.4,67,78,817,77628
0,0,0,0,0,2,0,0,2,4.5,91,88,807,40299
0,0,0,0,0,2,0,0,1,0,0,0,811,0
0,1,0,0,0,2,118605,114819,2,4.5,90,91,814,26413
0,1,0,0,0,1,0,0,2,4.2,83,83,819,1550
0,1,0,0,0,2,0,0,2,4.2,83,80,816,18369
0,1,0,0,0,2,0,0,2,4.1,82,90,819,8968
0,1,0,0,0,2,628597,617338,1,3,60,87,820,58305
0,1,0,0,0,2,0,0,1,3,61,82,813,0
0,1,0,0,0,2,44979,43167,2,4,81,84,819,93150
0,1,0,0,0,2,0,0,1,3.4,68,89,819,68648
0,1,0,0,0,2,0,0,2,3.8,75,98,803,91187
0,1,0,0,0,2,0,0,1,3.4,67,78,815,77628
0,1,0,0,0,2,0,0,1,3,61,65,817,0
0,0,0,0,0,3,0,0,1,1.3,26,24,819,0
0,1,0,0,0,2,0,0,1,2.6,52,49,797,36845
0,1,0,0,0,2,0,0,1,2.6,52,49,816,36845
0,1,0,0,0,2,77740,76520,1,3,60,65,817,65060
0,1,0,0,0,2,846903,806206,2,4.7,93,91,815,19375
0,1,0,0,0,2,0,0,1,3,61,65,819,0
0,1,179,0,179,2,422730,424756,2,4.3,87,87,819,538
0,1,0,0,0,2,0,0,1,2.5,51,41,810,94243
0,1,0,0,0,2,0,0,1,3.9,77,0,809,0
0,1,0,0,0,2,358257,150016,2,3.6,73,71,816,10352
0,1,0,0,0,2,0,0,2,3.9,78,79,814,34478
0,1,0,0,0,2,0,0,1,3.9,77,0,807,0
0,1,0,0,0,1,894210,903764,2,3.6,72,85,813,15846
0,0,0,0,0,2,0,0,2,4.6,92,91,808,75353
0,1,0,0,0,2,4157,4344,1,3.8,76,97,809,51246
0,1,0,0,0,2,628597,617338,1,3,60,87,801,58305
0,1,0,0,0,2,0,0,1,0,0,0,804,0
0,1,0,0,0,2,0,0,1,3.4,67,67,816,0
0,1,0,0,0,2,189418,186681,1,3.4,67,76,813,0
0,1,0,0,0,2,846903,806206,2,4.7,93,91,815,19375
0,1,0,0,0,2,0,0,2,4.5,89,88,800,63847
0,1,0,0,0,2,79800,79476,1,2.7,54,49,805,0
0,1,0,0,0,2,0,0,1,0,0,0,804,0
0,1,0,0,0,2,0,0,1,0,0,0,819,17592
0,0,0,0,0,3,0,0,2,4.3,86,84,819,41475
0,1,0,0,0,2,0,0,1,0,0,0,816,30230
0,1,0,0,0,2,0,0,1,3.1,62,62,819,0
0,1,0,0,0,2,0,0,1,2.6,53,59,819,35234
0,1,0,0,0,5,0,0,1,2.3,45,24,793,25945
0,0,0,0,0,2,242009,249571,2,3.2,64,65,818,31016
0,1,0,0,0,2,231947,228432,1,3.7,74,87,811,0
0,0,0,0,0,2,247038,239927,2,4.5,89,89,811,23405
0,1,0,0,0,2,616920,597053,2,3.5,70,74,810,10414
0,1,0,0,0,2,28514,26157,1,3,60,72,814,0
0,1,0,0,0,2,0,0,1,2.6,53,59,800,22432
0,1,0,0,0,2,77740,76520,1,3,60,65,818,65060
0,1,0,0,0,2,0,0,2,4.7,93,90,792,56487
0,1,0,0,0,2,0,0,1,0,0,0,804,0
0,0,0,0,0,2,0,0,2,4.6,92,91,820,75353
0,1,0,0,0,2,0,0,1,3.5,70,82,814,60570
0,1,0,0,0,5,0,0,1,2.2,44,39,792,0
0,1,0,0,0,2,0,0,1,3.6,73,71,818,0
0,1,0,0,0,2,0,0,1,3.6,73,71,805,0
0,1,0,0,0,2,0,0,1,0,0,0,798,0
0,1,0,0,0,2,457911,402901,2,4,79,87,818,30890
0,1,0,0,0,2,0,0,2,4.6,92,92,814,48959
0,1,0,0,0,2,0,0,1,3.4,67,78,819,77628
0,1,0,0,0,5,37718,36462,2,4.3,86,88,814,34811
0,1,0,0,0,2,0,0,2,4.5,90,89,806,54210
0,1,0,0,0,2,1402,1375,1,0,0,0,808,0
0,0,0,0,0,2,0,0,2,4.5,89,91,804,0
0,0,0,0,0,2,242009,249571,2,3.2,64,65,816,31016
0,1,0,0,0,2,0,0,1,0,0,0,819,61606
0,0,0,0,0,2,0,0,2,4,81,80,820,22891
0,1,0,0,0,2,118605,114819,2,4.5,90,91,818,26413
0,1,0,0,0,2,0,0,1,3.4,67,67,817,0
0,1,0,0,0,5,0,0,1,2.3,45,24,818,25945
0,1,0,0,0,2,118605,114819,2,4.5,90,91,816,26413
0,1,0,0,0,2,0,0,1,0,0,0,807,0
0,1,0,0,0,1,0,0,2,4.6,92,91,818,4617
0,1,0,0,0,2,614338,622508,1,3.3,66,84,806,48717
0,1,0,0,0,2,0,0,2,3.9,78,79,812,34478
0,1,0,0,0,2,0,0,1,3.1,63,74,819,0
0,1,0,0,0,2,0,0,1,2.6,53,59,816,43665
0,1,0,0,0,2,0,0,1,0,0,0,814,67400
0,1,0,0,0,2,0,0,2,3.9,78,79,811,34478
0,0,0,0,0,2,0,0,2,4,81,80,820,22891
0,1,0,0,0,2,0,0,1,3.4,68,89,819,68648
0,1,62,1,62,2,358257,150016,2,3.6,73,71,812,10352
0,1,0,0,0,2,0,0,1,0,0,0,815,30230
0,1,0,0,0,2,44979,43167,2,4,81,84,812,93150
0,1,0,0,0,2,0,0,1,4,80,86,819,0
0,1,0,0,0,2,0,0,2,4.5,89,88,805,63847
0,0,0,0,0,8,942649,944949,2,4.6,92,92,820,18495
0,1,0,0,0,2,628597,617338,1,3,60,87,812,58305
0,1,0,0,0,1,0,0,2,4.2,83,83,819,1550
0,1,0,0,0,1,0,0,2,4.6,92,91,813,4617
0,1,0,0,0,2,330704,318461,2,4.3,87,89,820,18533
0,1,0,0,0,2,0,0,1,0,0,0,819,0
0,1,0,0,0,2,0,0,1,3.4,68,89,819,68648
0,1,0,0,0,2,846903,806206,2,4.7,93,91,812,19375
0,1,0,0,0,3,537448,523515,2,4.2,83,86,816,37161
0,0,0,0,0,2,0,0,2,4.5,89,91,817,0
0,0,0,0,0,8,942649,944949,2,4.6,92,92,819,18495
0,1,0,0,0,2,79800,79476,1,2.7,54,49,805,0
0,1,0,0,0,2,0,0,2,4.5,90,89,818,54210
0,1,0,0,0,2,0,0,2,4.4,88,91,795,0
0,0,0,0,0,2,0,0,2,4.5,89,91,804,0
0,1,0,0,0,2,0,0,1,0,0,0,809,0
0,1,0,0,0,2,111722,106126,2,3.3,65,70,817,40480
0,1,0,0,0,2,0,0,1,0,0,0,799,0
0,1,0,0,0,2,0,0,2,4.4,88,91,802,0
0,0,0,0,0,2,247038,239927,2,4.5,89,89,812,23405
0,1,0,0,0,2,44979,43167,2,4,81,84,812,93150
0,1,0,0,0,2,242009,249571,2,3.2,64,65,819,31016
0,1,0,0,0,2,0,0,1,3.4,67,67,807,0
0,1,0,0,0,2,0,0,1,3.6,73,71,811,0
0,1,0,0,0,2,0,0,1,2.5,49,34,820,12387
0,1,0,0,0,2,628597,617338,1,3,60,87,814,58305
0,0,0,0,0,2,0,0,2,4.5,89,91,811,0
0,1,0,0,0,1,894210,903764,2,3.6,72,85,793,15846
0,1,0,0,0,2,12055,11750,1,3.3,66,69,811,0
0,1,0,0,0,2,12055,11750,1,3.3,66,69,819,0
0,1,0,0,0,2,0,0,2,4.7,93,90,813,64783
0,1,0,0,0,2,10255,10664,1,3.3,65,82,791,0
0,1,0,0,0,2,4949,4925,1,3,60,68,818,62759
0,1,0,0,0,2,0,0,2,3.9,78,79,819,34478
0,1,0,0,0,2,0,0,1,0,0,0,817,61606
0,1,0,0,0,2,1402,1375,1,0,0,0,807,0
0,1,0,0,0,2,31190,31215,1,2.5,50,33,817,0
0,0,0,0,0,3,0,0,1,1.3,26,24,817,0
0,1,0,0,0,2,0,0,1,3.4,67,67,814,0
0,1,0,0,0,2,31593,30850,1,3.5,63,85,798,0
0,1,0,0,0,2,0,0,1,2.6,53,59,805,22432
0,1,0,0,0,2,0,0,1,3.3,66,72,811,0
0,1,0,0,0,2,0,0,2,4.6,92,92,811,48959
0,0,823,0,823,7,823844,815195,2,4.7,93,89,812,16425
0,1,0,0,0,2,26489,26652,1,3.6,72,80,813,0
0,1,0,0,0,2,0,0,1,2.1,43,27,815,0
0,1,0,0,0,2,0,0,1,2.5,49,34,820,12387
0,0,0,0,0,8,942649,944949,2,4.6,92,92,818,18495
0,1,0,0,0,2,0,0,2,3.9,78,79,818,34478
0,1,0,0,0,2,616920,597053,2,3.5,70,74,813,10414
0,1,0,0,0,5,0,0,1,2.3,45,24,814,25945
0,1,0,0,0,2,0,0,1,3.1,62,62,817,0
0,0,0,0,0,2,846903,806206,2,4.7,93,91,809,42575
0,1,0,0,0,1,894210,903764,2,3.6,72,85,813,15846
0,1,0,0,0,5,37718,36462,2,4.3,86,88,814,34811
0,1,0,0,0,2,0,0,1,3.6,73,71,810,0
0,1,0,0,0,2,0,0,1,3.9,77,0,819,0
0,1,0,0,0,2,0,0,1,2.6,53,59,815,43665
0,1,0,0,0,2,0,0,1,0,0,0,800,0
0,1,0,0,0,2,231947,228432,1,3.7,74,87,805,0
0,1,0,0,0,2,0,0,1,2.9,58,80,794,0
0,1,0,0,0,2,0,0,1,3.9,77,0,818,0
0,0,0,0,0,3,0,0,1,1.3,26,24,816,0
0,1,0,0,0,2,77740,76520,1,3,60,65,818,65060
0,1,0,0,0,2,0,0,2,4.5,91,90,798,53149
0,1,0,0,0,2,0,0,1,3.9,77,0,809,0
0,1,0,0,0,2,0,0,2,4.5,91,90,797,53149
0,1,0,0,0,2,0,0,1,2.5,51,41,818,94243
0,1,0,0,0,2,0,0,2,4.7,93,90,805,56487
0,1,0,0,0,2,0,0,1,3.1,63,86,814,91878
0,1,0,0,0,2,0,0,2,3.7,74,80,802,96853
0,0,0,0,0,2,0,0,2,4.5,89,91,804,0
0,1,0,0,0,2,0,0,2,4.6,92,92,819,48959
0,1,0,0,0,2,0,0,1,2.6,52,49,815,36845
0,1,0,0,0,2,0,0,2,4.1,82,90,819,8968
0,1,0,0,0,2,0,0,1,3.1,63,86,819,91878
0,0,0,0,0,2,0,0,1,3.1,63,75,806,84363
0,1,0,0,0,2,996193,739521,2,4.2,83,80,799,0
0,1,0,0,0,2,62322,60724,2,4.5,89,92,818,63072
0,1,0,0,0,2,457911,402901,2,4,79,87,811,30890
0,0,0,0,0,3,0,0,1,1.3,26,24,819,0
0,0,0,0,0,8,942649,944949,2,4.6,92,92,818,18495
0,1,0,0,0,2,42042,41347,1,4.9,98,97,815,0
0,1,0,0,0,2,0,0,1,3.1,63,77,812,0
0,1,0,0,0,2,0,0,1,0,0,0,818,67400
0,1,0,0,0,2,79800,79476,1,2.7,54,49,819,0
0,1,0,0,0,2,28514,26157,1,3,60,72,816,0
0,1,0,0,0,2,62322,60724,2,4.5,89,92,817,63072
0,1,0,0,0,2,0,0,1,3,60,0,813,0
0,1,0,0,0,2,0,0,1,3.6,73,74,797,37614
0,1,0,0,0,2,9916,9353,1,4.7,93,82,818,0
0,1,0,0,0,1,894210,903764,2,3.6,72,85,806,15846
0,1,0,0,0,2,0,0,1,3.5,70,39,817,0
0,1,375,0,375,3,0,0,2,4,79,80,819,2774
0,1,0,0,0,2,0,0,1,3.3,66,72,818,0
0,1,0,0,0,2,0,0,1,3.3,66,61,819,17423
0,1,0,0,0,2,31190,31215,1,2.5,50,33,818,0
0,1,0,0,0,2,0,0,1,2.6,53,59,816,43665
0,1,0,0,0,5,37718,36462,2,4.3,86,88,815,34811
0,1,0,0,0,2,0,0,1,3.3,66,61,819,17423
0,1,0,0,0,2,79800,79476,1,2.7,54,49,815,0
0,1,0,0,0,2,0,0,1,3.1,63,86,817,91878
0,1,0,0,0,2,0,0,2,4.4,88,91,819,0
0,1,0,0,0,2,1402,1375,1,0,0,0,815,0
0,1,0,0,0,3,0,0,2,4.3,86,84,819,41475
0,1,0,0,0,2,28514,26157,1,3,60,72,818,0
0,1,0,0,0,2,0,0,1,2.6,52,49,807,36845
0,1,0,0,0,2,440208,914158,1,2.8,56,45,820,23040
0,0,2,1,2,2,224402,223919,2,3.1,63,70,820,1616
0,1,0,0,0,2,628597,617338,1,3,60,87,819,58305
0,1,0,0,0,2,0,0,1,3,60,29,818,0
0,1,0,0,0,1,0,0,2,4.6,92,91,817,4617
0,1,0,0,0,2,0,0,1,3.4,67,78,818,77628
0,1,0,0,0,3,537448,523515,2,4.2,83,86,814,37161
0,1,0,0,0,5,37718,36462,2,4.3,86,88,815,34811
0,0,0,0,0,2,0,0,2,4.5,91,53,802,33221
0,1,0,0,0,2,0,0,1,2.6,52,49,799,36845
0,1,0,0,0,2,62322,60724,2,4.5,89,92,818,63072
0,1,0,0,0,2,0,0,2,4.5,89,88,814,63847
0,1,0,0,0,5,0,0,1,2.2,44,39,795,0
0,1,0,0,0,2,46824,46236,1,2.6,52,57,798,60463
0,1,0,0,0,2,189418,186681,1,3.4,67,76,811,0
0,1,0,0,0,2,0,0,1,3.6,73,71,804,0
0,1,0,0,0,2,17731,17847,1,2.8,56,73,814,0
0,1,0,0,0,2,628597,617338,1,3,60,87,815,58305
0,1,0,0,0,2,0,0,1,3.3,66,72,813,0
0,1,0,0,0,2,0,0,1,0,0,0,815,0
0,1,0,0,0,2,0,0,2,3.9,78,79,812,34478
0,1,0,0,0,2,0,0,1,3.3,66,72,810,0
0,1,0,0,0,2,111722,106126,2,3.3,65,70,819,40480
0,1,0,0,0,2,440208,914158,1,2.8,56,45,816,23040
0,0,0,0,0,3,0,0,1,1.3,26,24,820,0
0,1,0,0,0,2,127093,128617,2,4.3,87,87,815,23950
0,1,0,0,0,2,628597,617338,1,3,60,87,818,58305
0,1,0,0,0,2,0,0,2,4.2,84,84,807,46814
0,1,0,0,0,2,0,0,1,3.4,67,78,817,77628
0,1,0,0,0,2,0,0,2,4.1,82,90,819,8968
0,1,0,0,0,2,0,0,1,2.6,53,59,814,35234
0,1,0,0,0,2,44979,43167,2,4,81,84,818,93150
0,1,0,0,0,2,0,0,1,3,61,65,818,0
0,1,0,0,0,2,46824,46236,1,2.6,52,57,806,60463
0,1,45,0,45,3,0,0,2,4,79,80,820,2774
0,1,0,0,0,2,0,0,1,0,0,0,807,0
0,1,0,0,0,2,127093,128617,2,4.3,87,87,818,23950
0,0,0,0,0,2,0,0,2,4.2,83,82,812,25709
0,1,0,0,0,2,247459,141328,2,4,81,85,819,14170
0,1,0,0,0,2,0,0,1,0,0,0,811,17592
0,0,0,0,0,2,0,0,2,4.2,83,82,817,25709
0,1,0,0,0,2,440208,914158,1,2.8,56,45,819,23040
0,1,0,0,0,2,0,0,1,3.1,63,77,805,0
0,1,0,0,0,2,0,0,2,3.9,78,79,818,34478
0,1,0,0,0,2,358257,150016,2,3.6,73,71,811,10352
0,1,0,0,0,3,537448,523515,2,4.2,83,86,812,37161
0,1,0,0,0,2,118605,114819,2,4.5,90,91,816,26413
0,0,0,0,0,3,0,0,1,1.3,26,24,819,0
0,1,0,0,0,2,0,0,1,1.7,34,35,818,32398
0,1,0,0,0,2,0,0,2,4.1,82,86,813,48413
0,1,0,0,0,2,0,0,1,4,81,77,818,0
0,1,0,0,0,5,0,0,1,2.3,45,24,813,25945
0,1,0,0,0,2,0,0,1,0,0,0,809,61606
0,1,0,0,0,2,0,0,1,2.6,53,59,803,22432
0,1,0,0,0,2,457911,402901,2,4,79,87,814,30890
0,1,0,0,0,2,0,0,1,2.1,43,27,811,0
0,1,0,0,0,2,0,0,2,4.6,92,92,811,48959
0,1,0,0,0,2,0,0,1,2.6,53,59,812,35234
0,0,68,3,68,2,224402,223919,2,3.1,63,70,819,1616
0,1,0,0,0,2,0,0,2,4.7,93,90,809,64783
0,1,0,0,0,2,127093,128617,2,4.3,87,87,818,23950
0,1,0,0,0,2,21813,22456,1,3,60,0,798,0
0,1,0,0,0,2,0,0,1,3.1,63,86,811,91878
0,1,0,0,0,3,0,0,2,4.3,86,84,819,41475
0,1,0,0,0,1,0,0,2,4.6,92,91,820,4617
0,1,0,0,0,2,31190,31215,1,2.5,50,33,820,0
0,0,0,0,0,2,0,0,1,3.1,63,75,819,84363
0,0,0,0,0,2,0,0,1,0,0,0,801,0
0,1,0,0,0,2,0,0,1,3.1,63,77,799,0
0,0,0,0,0,1,894210,903764,2,3.6,72,85,812,15846
0,1,22,0,22,3,0,0,2,4,79,80,818,2774
0,1,0,0,0,2,247459,141328,2,4,81,85,819,14170
0,1,699,0,699,1,0,0,2,4.6,92,91,816,4617
0,1,0,0,0,2,77740,76520,1,3,60,65,819,65060
0,1,0,0,0,2,0,0,1,3,60,0,814,0
0,1,0,0,0,2,0,0,2,4.5,90,89,808,54210
0,1,0,0,0,3,537448,523515,2,4.2,83,86,818,37161
0,1,0,0,0,2,0,0,1,2.6,53,59,815,35234
0,1,0,0,0,2,0,0,1,3.1,62,62,819,0
0,1,0,0,0,2,46824,46236,1,2.6,52,57,813,60463
0,1,0,0,0,2,0,0,1,2.6,52,49,812,36845
0,1,0,0,0,2,0,0,1,2.1,43,27,819,0
0,1,0,0,0,2,616920,597053,2,3.5,70,74,815,10414
0,1,0,0,0,2,0,0,1,0,0,0,804,17592
0,1,0,0,0,2,628597,617338,1,3,60,87,813,58305
0,1,0,0,0,2,44979,43167,2,4,81,84,807,93150
0,0,0,0,0,2,0,0,2,4.5,91,88,792,40299
0,1,0,0,0,2,26489,26652,1,3.6,72,80,800,0
0,1,0,0,0,2,628597,617338,1,3,60,87,812,58305
0,1,0,0,0,2,111722,106126,2,3.3,65,70,817,40480
0,1,0,0,0,2,0,0,1,3.6,73,71,808,0
0,0,0,0,0,2,0,0,2,4.4,88,88,816,61423
0,1,0,0,0,2,189418,186681,1,3.4,67,76,807,0
0,1,0,0,0,2,34512,34121,1,3.9,77,24,804,0
0,1,0,0,0,2,0,0,1,2.5,49,34,820,12387
0,1,0,0,0,2,0,0,1,3.6,73,71,810,0
0,1,114,0,114,3,0,0,2,4,79,80,818,2774
0,1,0,0,0,2,77740,76520,1,3,60,65,818,65060
0,0,0,0,0,2,0,0,2,4.2,83,82,813,25709
0,1,0,0,0,2,0,0,1,0,0,0,818,0
0,1,0,0,0,2,0,0,1,2.5,51,41,817,94243
0,1,0,0,0,2,0,0,1,3.9,77,0,808,0
0,0,0,0,0,2,0,0,2,4.5,91,53,803,33221
0,1,0,0,0,2,0,0,2,4.5,90,89,818,54210
0,1,0,0,0,2,21813,22456,1,3,60,0,805,0
0,1,0,0,0,2,0,0,1,2.6,53,59,812,35234
0,1,0,0,0,2,0,0,2,4.5,89,87,819,82758
0,1,8,0,8,6,0,0,0,2.8,56,59,819,6416
0,1,0,0,0,2,0,0,1,3.4,68,89,819,68648
0,0,0,0,0,2,0,0,2,4.2,83,82,817,25709
0,0,0,0,0,2,0,0,2,4.6,92,91,812,75353
0,1,0,0,0,2,0,0,1,0,0,0,816,0
0,1,0,0,0,2,0,0,1,2.5,51,41,818,94243
0,1,0,0,0,2,0,0,1,0,0,0,802,0
0,1,0,0,0,2,0,0,1,3,60,0,818,0
0,1,0,0,0,2,0,0,1,3,60,0,818,0
0,1,452,0,452,6,0,0,0,2.8,56,59,814,6416
0,1,0,0,0,2,416462,418512,1,2.5,50,46,806,68691
0,1,0,0,0,2,0,0,1,3.4,67,67,809,0
0,1,0,0,0,5,37718,36462,2,4.3,86,88,814,34811
0,1,0,0,0,2,0,0,1,2.5,49,34,820,12387
0,1,0,0,0,2,0,0,1,4,81,77,814,0
0,0,0,0,0,2,0,0,2,4.4,88,88,819,61423
0,1,0,0,0,2,44979,43167,2,4,81,84,817,93150
0,0,0,0,0,8,942649,944949,2,4.6,92,92,818,18495
0,1,0,0,0,2,0,0,1,0,0,0,792,0
0,1,0,0,0,2,0,0,1,3.9,77,0,813,0
0,1,0,0,0,2,0,0,1,2.5,51,41,814,94243
0,0,0,0,0,2,242009,249571,2,3.2,64,65,816,31016
0,1,0,0,0,2,330704,318461,2,4.3,87,89,819,18533
0,1,0,0,0,2,0,0,1,0,0,0,811,0
0,1,0,0,0,2,440208,914158,1,2.8,56,45,816,23040
0,1,25,0,25,3,0,0,2,4,79,80,818,2774
0,0,0,0,0,2,0,0,2,4.4,88,88,819,61423
0,1,0,0,0,2,111722,106126,2,3.3,65,70,813,40480
0,1,0,0,0,2,4949,4925,1,3,60,68,814,62759
0,1,0,0,0,2,0,0,1,3.4,68,89,819,68648
0,1,0,0,0,2,0,0,1,3.5,70,82,790,60570
0,1,0,0,0,2,0,0,1,0,0,0,819,61606
0,1,0,0,0,2,0,0,2,4.7,93,90,813,64783
0,1,0,0,0,5,0,0,1,2.3,45,24,806,25945
0,1,0,0,0,2,0,0,1,3.1,63,86,816,91878
0,1,0,0,0,2,31593,30850,1,3.5,63,85,807,0
0,1,0,0,0,1,0,0,2,4.6,92,91,818,4617
0,0,0,0,0,2,0,0,2,4.6,92,91,808,75353
0,0,0,0,0,2,247038,239927,2,4.5,89,89,819,23405
0,1,0,0,0,2,0,0,1,2.6,53,59,816,43665
0,1,0,0,0,2,0,0,1,3,60,0,814,0
0,1,0,0,0,2,0,0,1,3.6,73,89,799,0
0,1,0,0,0,2,62322,60724,2,4.5,89,92,820,63072
0,0,2,0,2,2,224402,223919,2,3.1,63,70,820,1616
0,1,0,0,0,2,28514,26157,1,3,60,72,817,0
0,1,0,0,0,2,0,0,2,4.7,93,90,814,64783
0,1,0,0,0,2,457911,402901,2,4,79,87,814,30890
0,1,0,0,0,2,0,0,1,0,0,0,804,0
0,1,0,0,0,2,0,0,2,3.8,75,98,802,91187
0,1,0,0,0,2,77740,76520,1,3,60,65,818,65060
0,1,0,0,0,2,996193,739521,2,4.2,83,80,805,0
0,1,0,0,0,2,0,0,1,3.3,66,72,812,0
0,0,0,0,0,2,0,0,2,4.5,89,91,801,0
0,1,0,0,0,2,9916,9353,1,4.7,93,82,803,43327
0,1,0,0,0,5,37718,36462,2,4.3,86,88,814,34811
0,1,0,0,0,2,846903,806206,2,4.7,93,91,814,19375
0,1,0,0,0,2,0,0,1,0,0,0,819,30230
0,1,0,0,0,2,0,0,1,0,0,0,805,0
0,1,0,0,0,2,0,0,2,3.8,75,98,807,91187
0,0,0,0,0,3,0,0,1,1.3,26,24,819,0
0,0,0,0,0,2,10248,10271,2,4.5,91,90,816,93026
0,1,0,0,0,3,537448,523515,2,4.2,83,86,812,37161
0,1,0,0,0,2,0,0,1,2.5,51,41,814,94243
0,1,0,0,0,2,0,0,1,0.3,7,29,817,36674
0,1,0,0,0,2,26489,26652,1,3.6,72,80,813,0
0,1,0,0,0,2,26489,26652,1,3.6,72,80,792,0
0,1,0,0,0,2,996193,739521,2,4.2,83,80,805,0
0,1,0,0,0,2,616920,597053,2,3.5,70,74,810,10414
0,1,0,0,0,2,0,0,1,0.3,7,29,820,36674
0,1,0,0,0,2,0,0,1,3.6,73,71,817,0
0,1,0,0,0,2,0,0,1,2.6,53,59,816,35234
0,1,0,0,0,2,0,0,1,2.5,51,41,814,94243
0,0,0,0,0,2,0,0,2,4.4,88,88,820,61423
0,0,0,0,0,2,0,0,1,2.8,56,56,811,44451
0,0,0,0,0,2,0,0,2,4.4,88,88,818,61423
0,1,0,0,0,2,46824,46236,1,2.6,52,57,800,60463
0,1,0,0,0,3,537448,523515,2,4.2,83,86,811,37161
0,1,0,0,0,6,0,0,0,2.8,56,59,819,6416
0,1,0,0,0,2,0,0,1,3.6,73,71,818,0
0,1,0,0,0,2,62322,60724,2,4.5,89,92,815,63072
0,1,0,0,0,2,34512,34121,1,3.9,77,24,793,0
0,1,0,0,0,2,0,0,1,3.4,67,67,807,0
0,1,0,0,0,2,28514,26157,1,3,60,72,810,0
0,1,0,0,0,2,0,0,1,2.6,52,49,814,36845
0,1,0,0,0,2,0,0,1,3.4,68,89,819,68648
0,1,0,0,0,2,28514,26157,1,3,60,72,819,0
0,1,0,0,0,2,0,0,1,1.7,34,35,818,32398
0,1,0,0,0,2,4157,4344,1,3.8,76,97,816,51246
0,1,0,0,0,2,457911,402901,2,4,79,87,812,30890
0,1,0,0,0,2,0,0,1,2.1,42,43,818,0
0,1,944,0,944,6,0,0,0,2.8,56,59,819,6416
0,1,0,0,0,2,246043,515530,1,0,0,0,818,486
0,1,0,0,0,2,358257,150016,2,3.6,73,71,815,10352
0,1,0,0,0,2,0,0,1,0,0,0,811,0
0,0,0,0,0,2,0,0,2,4,81,80,819,22891
0,1,0,0,0,2,628597,617338,1,3,60,87,811,58305
0,1,0,0,0,2,62322,60724,2,4.5,89,92,813,63072
0,0,0,0,0,2,10248,10271,2,4.5,91,90,816,93026
0,1,0,0,0,5,37718,36462,2,4.3,86,88,820,34811
0,1,0,0,0,2,0,0,1,2.1,43,27,808,0
0,1,0,0,0,2,0,0,2,4.7,93,90,808,56487
0,1,0,0,0,2,0,0,1,3.4,68,89,819,68648
0,1,0,0,0,1,0,0,2,4.2,83,83,819,1550
0,0,0,0,0,2,0,0,2,4.5,91,53,819,33221
0,1,0,0,0,2,0,0,1,0,0,0,818,0
0,1,0,0,0,2,46824,46236,1,2.6,52,57,818,60463
0,1,0,0,0,2,0,0,1,0,0,0,815,30230
0,1,0,0,0,2,0,0,1,2.1,42,43,810,0
0,1,0,0,0,2,0,0,2,4.5,91,90,807,53149
0,1,0,0,0,2,0,0,1,3.1,63,77,798,0
0,1,0,0,0,2,44979,43167,2,4,81,84,818,93150
0,1,0,0,0,2,0,0,1,2.6,53,59,811,22432
0,1,0,0,0,5,37718,36462,2,4.3,86,88,811,34811
0,1,0,0,0,2,0,0,2,4,80,80,816,0
0,1,0,0,0,2,0,0,1,2.6,53,59,792,22432
0,1,0,0,0,2,0,0,1,0,0,0,799,0
0,1,0,0,0,2,0,0,1,0,0,0,817,67400
0,1,0,0,0,2,189418,186681,1,3.4,67,76,804,0
0,1,0,0,0,2,0,0,2,4.1,82,90,819,8968
0,1,0,0,0,2,616920,597053,2,3.5,70,74,814,10414
0,0,0,0,0,2,247038,239927,2,4.5,89,89,816,23405
0,1,0,0,0,2,0,0,2,4.1,82,90,819,8968
0,1,0,0,0,5,0,0,1,2.2,44,39,818,0
0,1,0,0,0,2,111722,106126,2,3.3,65,70,816,40480
0,0,0,0,0,2,0,0,2,4.6,92,91,807,75353
0,0,0,0,0,2,0,0,2,4,81,80,819,22891
0,1,0,0,0,2,46824,46236,1,2.6,52,57,819,60463
0,1,0,0,0,2,0,0,1,3.1,63,74,819,0
0,1,0,0,0,1,0,0,2,4.2,83,83,819,1550
0,1,0,0,0,5,0,0,1,2.2,44,39,800,0
0,1,0,0,0,2,189418,186681,1,3.4,67,76,807,0
0,1,0,0,0,2,330704,318461,2,4.3,87,89,819,18533
0,1,0,0,0,2,0,0,1,0,0,0,816,30230
0,1,0,0,0,2,0,0,1,1.7,34,35,818,32398
0,1,0,0,0,2,0,0,2,4.1,82,90,819,8968
0,1,0,0,0,2,149787,144566,1,2.3,45,43,811,27046
0,1,0,0,0,2,0,0,1,3.1,63,77,805,0
0,1,0,0,0,2,0,0,1,4,81,77,809,0
0,1,0,0,0,2,0,0,1,3.1,63,86,818,91878
0,1,0,0,0,2,0,0,1,4,81,77,820,0
0,0,0,0,0,2,0,0,2,4.6,92,91,813,75353
0,0,0,0,0,8,942649,944949,2,4.6,92,92,818,18495
0,1,272,2,272,2,246043,515530,1,0,0,0,818,486
0,1,0,0,0,2,246043,515530,1,0,0,0,818,486
0,0,0,0,0,2,0,0,2,4.5,89,91,801,0
0,1,0,0,0,2,0,0,1,4,81,77,807,0
0,1,0,0,0,2,0,0,1,3.9,77,0,820,0
0,1,0,0,0,2,12055,11750,1,3.3,66,69,813,0
0,1,0,0,0,2,231947,228432,1,3.7,74,87,796,0
0,1,0,0,0,2,0,0,1,2.6,53,59,813,35234
0,1,0,0,0,2,247459,141328,2,4,81,85,819,14170
0,1,0,0,0,2,0,0,1,3,61,65,820,0
0,0,0,0,0,2,0,0,1,3.1,63,75,814,84363
0,1,0,0,0,2,189418,186681,1,3.4,67,76,812,0
0,1,0,0,0,2,457911,402901,2,4,79,87,809,30890
0,0,0,0,0,3,0,0,1,1.3,26,24,819,0
0,1,0,0,0,2,416462,418512,1,2.5,50,46,807,68691
0,1,0,0,0,2,0,0,1,4.6,92,90,796,51784
0,1,0,0,0,2,0,0,1,2.6,53,59,814,35234
0,1,0,0,0,2,0,0,1,0,0,0,810,17592
0,1,0,0,0,2,17731,17847,1,2.8,56,73,793,0
0,1,0,0,0,2,1402,1375,1,0,0,0,806,0
0,0,0,0,0,2,0,0,1,3.1,63,75,811,84363
0,0,0,0,0,2,0,0,1,3.1,63,75,815,84363
0,1,0,0,0,2,0,0,1,3.9,77,0,809,0
0,1,0,0,0,2,46824,46236,1,2.6,52,57,808,60463
0,0,0,0,0,2,0,0,2,4.5,91,53,799,33221
0,0,0,0,0,2,0,0,2,4.5,89,91,820,0
0,1,0,0,0,2,0,0,1,3.1,62,62,818,0
0,1,0,0,0,2,0,0,1,3.6,73,71,813,0
0,1,0,0,0,2,0,0,1,2.6,53,59,798,22432
0,1,0,0,0,2,0,0,1,3.5,70,82,813,60570
0,1,208,0,208,6,0,0,0,2.8,56,59,817,6416
0,1,0,0,0,2,4157,4344,1,3.8,76,97,812,51246
0,1,0,0,0,2,0,0,1,3.4,68,89,819,68648
0,1,0,0,0,2,0,0,1,3.5,70,82,814,60570
0,1,0,0,0,2,0,0,2,4.5,89,88,814,63847
0,1,0,0,0,2,0,0,1,0,0,0,817,67400
0,1,0,0,0,2,0,0,2,4.5,91,90,804,53149
0,1,0,0,0,2,0,0,1,3.4,67,67,817,0
0,1,0,0,0,2,0,0,1,0,0,0,817,61606
0,1,0,0,0,2,440208,914158,1,2.8,56,45,815,23040
0,1,0,0,0,2,9916,9353,1,4.7,93,82,805,0
0,0,0,0,0,2,0,0,2,4.5,91,53,814,33221
0,1,0,0,0,2,21813,22456,1,3,60,0,800,0
0,1,0,0,0,2,416462,418512,1,2.5,50,46,815,68691
0,1,0,0,0,2,0,0,1,3,60,0,818,0
0,1,0,0,0,2,44979,43167,2,4,81,84,819,93150
0,1,0,0,0,2,0,0,1,3.1,63,86,814,91878
0,1,4,1,4,2,246043,515530,1,0,0,0,818,486
0,1,0,0,0,2,440208,914158,1,2.8,56,45,817,23040
0,1,0,0,0,2,0,0,1,2.5,51,41,811,94243
0,1,0,0,0,2,21813,22456,1,3,60,0,794,0
0,0,0,0,0,2,0,0,1,3,61,73,802,91245
0,1,0,0,0,2,0,0,2,4.5,91,90,804,53149
0,1,0,0,0,2,118605,114819,2,4.5,90,91,815,26413
0,1,0,0,0,2,0,0,1,3.1,62,62,819,0
0,1,0,0,0,2,13292,13292,1,3,60,0,801,0
0,0,0,0,0,3,0,0,1,1.3,26,24,819,0
0,1,0,0,0,2,0,0,1,1.7,34,35,818,32398
0,1,0,0,0,2,42042,41347,1,4.9,98,97,813,0
0,1,0,0,0,2,996193,739521,2,4.2,83,80,798,0
0,1,0,0,0,2,0,0,2,4.1,82,90,819,8968
0,1,0,0,0,2,0,0,1,3.5,70,39,819,0
0,1,0,0,0,2,440208,914158,1,2.8,56,45,816,23040
0,1,0,0,0,2,0,0,1,0,0,0,807,0
0,1,0,0,0,2,0,0,1,0,0,0,814,17592
0,1,0,0,0,2,0,0,1,3.5,69,92,811,0
0,1,0,0,0,2,616920,597053,2,3.5,70,74,815,10414
0,1,0,0,0,2,26489,26652,1,3.6,72,80,807,0
0,0,0,0,0,2,10248,10271,2,4.5,91,90,817,93026
0,1,0,0,0,2,0,0,1,0.3,7,29,818,36674
0,1,0,0,0,2,0,0,1,0,0,0,811,61606
0,1,0,0,0,2,0,0,1,0,0,0,817,30230
0,0,0,0,0,2,0,0,1,3.1,63,75,814,84363
0,1,0,0,0,2,0,0,1,0,0,0,812,17592
0,1,0,0,0,2,0,0,1,3.9,77,0,810,0
0,1,0,0,0,2,4949,4925,1,3,60,68,812,62759
0,0,0,0,0,2,0,0,2,4.6,92,91,814,75353
0,1,0,0,0,2,149787,144566,1,2.3,45,43,799,27046
0,1,0,0,0,2,416462,418512,1,2.5,50,46,811,68691
0,1,0,0,0,2,0,0,2,4.5,91,90,803,53149
0,1,0,0,0,2,0,0,1,3.1,63,86,817,91878
0,1,0,0,0,2,0,0,1,3.1,63,86,818,91878
0,1,0,0,0,2,0,0,1,3.1,63,77,808,0
0,1,0,0,0,2,0,0,1,0,0,0,804,0
0,1,0,0,0,2,42042,41347,1,4.9,98,97,811,0
0,1,0,0,0,2,10255,10664,1,3.3,65,82,791,0
0,1,0,0,0,2,0,0,1,3.6,73,71,817,0
0,1,0,0,0,2,0,0,1,3.9,77,0,811,0
0,1,0,0,0,2,416462,418512,1,2.5,50,46,808,68691
0,1,0,0,0,5,37718,36462,2,4.3,86,88,814,34811
0,1,0,0,0,2,0,0,1,3.1,63,77,810,0
0,1,0,0,0,2,79800,79476,1,2.7,54,49,801,0
0,1,0,0,0,2,330704,318461,2,4.3,87,89,819,18533
0,0,0,0,0,2,0,0,2,4.6,92,91,808,75353
0,1,0,0,0,3,537448,523515,2,4.2,83,86,817,37161
0,1,0,0,0,2,21813,22456,1,3,60,0,804,0
0,1,0,0,0,2,0,0,1,0,0,0,804,17592
0,1,0,0,0,3,0,0,2,4.3,86,84,819,41475
0,1,0,0,0,2,0,0,1,3.6,73,74,792,37614
0,1,0,0,0,2,0,0,1,3.4,68,89,819,68648
0,1,0,0,0,2,0,0,1,3,61,82,814,0
0,1,0,0,0,2,416462,418512,1,2.5,50,46,818,68691
0,1,0,0,0,2,0,0,2,4.7,93,90,810,64783
0,1,0,0,0,2,0,0,1,3.3,66,61,819,17423
0,1,0,0,0,2,0,0,1,2.1,43,27,810,0
0,1,0,0,0,2,0,0,1,3.6,73,74,795,37614
0,0,0,0,0,2,0,0,2,4.5,91,88,800,40299
0,1,0,0,0,2,358257,150016,2,3.6,73,71,817,10352
0,1,0,0,0,2,0,0,1,2.6,52,49,804,36845
0,1,0,0,0,2,34512,34121,1,3.9,77,24,812,0
0,0,0,0,0,2,0,0,2,4,81,80,819,22891
0,0,0,0,0,2,10248,10271,2,4.5,91,90,814,93026
0,1,0,0,0,2,0,0,1,0,0,0,817,0
0,1,0,0,0,2,0,0,1,0,0,0,808,61606
0,1,0,0,0,2,0,0,1,3.1,63,77,805,0
0,1,0,0,0,2,0,0,1,3.1,63,86,812,91878
0,1,0,0,0,2,0,0,1,3.3,66,72,817,0
0,1,0,0,0,5,0,0,1,2.3,45,24,810,25945
0,1,0,0,0,2,0,0,1,2.6,53,59,800,22432
0,1,0,0,0,2,0,0,1,0.3,7,29,818,36674
0,1,0,0,0,2,0,0,1,3.5,69,92,815,0
0,1,0,0,0,2,149787,144566,1,2.3,45,43,818,27046
0,1,0,0,0,2,0,0,1,3.6,73,89,803,0
0,1,0,0,0,2,846903,806206,2,4.7,93,91,814,19375
0,1,0,0,0,5,37718,36462,2,4.3,86,88,819,34811
0,1,0,0,0,2,616920,597053,2,3.5,70,74,813,10414
0,1,0,0,0,2,79800,79476,1,2.7,54,49,811,0
0,1,0,0,0,2,79800,79476,1,2.7,54,49,813,0
0,1,0,0,0,2,77740,76520,1,3,60,65,819,65060
0,1,598,0,598,6,0,0,0,2.8,56,59,819,6416
0,1,0,0,0,2,111722,106126,2,3.3,65,70,814,40480
0,1,0,0,0,2,0,0,1,3.5,70,82,808,60570
0,0,0,0,0,2,0,0,2,4.4,88,88,817,61423
0,1,0,0,0,5,37718,36462,2,4.3,86,88,811,34811
0,0,0,0,0,2,0,0,1,3.1,63,75,813,84363
0,1,0,0,0,2,628597,617338,1,3,60,87,800,58305
0,1,0,0,0,2,118605,114819,2,4.5,90,91,814,26413
0,0,0,0,0,2,0,0,2,4.5,89,91,811,0
0,1,0,0,0,2,628597,617338,1,3,60,87,812,58305
0,1,0,0,0,2,0,0,1,1.7,34,35,818,32398
0,1,0,0,0,2,0,0,1,2.6,53,59,813,35234
0,1,0,0,0,2,247459,141328,2,4,81,85,819,14170
0,0,0,0,0,2,242009,249571,2,3.2,64,65,818,31016
0,1,0,0,0,2,0,0,1,3.1,62,62,818,0
0,1,0,0,0,2,62322,60724,2,4.5,89,92,814,63072
0,1,0,0,0,2,0,0,2,3.8,75,98,790,91187
0,1,0,0,0,2,28514,26157,1,3,60,72,815,0
0,1,0,0,0,2,0,0,1,3.1,63,74,818,0
0,1,0,0,0,2,149787,144566,1,2.3,45,43,791,27046
0,0,0,0,0,2,0,0,2,4.5,91,53,804,33221
0,1,0,0,0,2,9916,9353,1,4.7,93,82,796,0
0,1,0,0,0,2,457911,402901,2,4,79,87,808,30890
0,1,0,0,0,2,31190,31215,1,2.5,50,33,817,0
0,1,0,0,0,2,0,0,2,4.1,82,90,819,8968
0,1,0,0,0,2,4949,4925,1,3,60,68,813,62759
0,1,0,0,0,2,846903,806206,2,4.7,93,91,815,19375
0,1,0,0,0,2,616920,597053,2,3.5,70,74,814,10414
0,1,0,0,0,2,118605,114819,2,4.5,90,91,820,26413
0,1,0,0,0,2,31190,31215,1,2.5,50,33,816,0
0,1,0,0,0,2,79800,79476,1,2.7,54,49,810,0
0,1,0,0,0,2,0,0,1,0,0,0,817,0
0,1,0,0,0,2,6864,6990,1,3,61,61,799,0
0,1,0,0,0,2,6864,6990,1,3,61,61,808,0
0,1,0,0,0,2,0,0,1,0,0,0,811,17592
0,1,0,0,0,2,0,0,1,3.3,66,61,818,17423
0,0,0,0,0,2,0,0,1,3.1,63,75,806,84363
0,1,0,0,0,2,0,0,1,3,60,29,801,0
0,1,0,0,0,2,0,0,1,3,60,0,814,0
0,1,0,0,0,2,0,0,1,3.4,67,67,807,0
0,1,0,0,0,2,0,0,1,0,0,0,793,0
0,1,0,0,0,2,0,0,1,0.3,7,29,818,36674
0,1,0,0,0,2,44979,43167,2,4,81,84,808,93150
0,1,0,0,0,2,62322,60724,2,4.5,89,92,819,63072
0,1,0,0,0,2,0,0,1,0,0,0,815,17592
0,1,0,0,0,2,440208,914158,1,2.8,56,45,819,23040
0,0,0,0,0,2,0,0,2,4.5,91,53,812,33221
0,1,0,0,0,2,0,0,1,3.1,62,62,816,0
0,1,0,0,0,2,0,0,1,2.5,49,34,820,12387
0,1,0,0,0,2,77740,76520,1,3,60,65,819,65060
0,1,0,0,0,2,0,0,2,4.6,92,92,817,48959
0,1,0,0,0,2,0,0,1,3.5,70,82,811,60570
0,1,0,0,0,2,31593,30850,1,3.5,63,85,812,0
0,1,0,0,0,2,149787,144566,1,2.3,45,43,791,27046
0,1,0,0,0,5,37718,36462,2,4.3,86,88,818,34811
0,1,0,0,0,2,0,0,1,0,0,0,806,0
0,1,0,0,0,1,0,0,2,4.2,83,83,819,1550
0,1,0,0,0,2,0,0,1,0,0,0,817,30230
0,1,0,0,0,2,0,0,2,4.6,92,92,812,48959
0,1,0,0,0,2,0,0,1,3.9,77,0,814,0
0,0,0,0,0,2,0,0,1,2.5,50,15,802,0
0,1,0,0,0,2,0,0,2,4.1,82,90,818,8968
0,1,0,0,0,2,628597,617338,1,3,60,87,800,58305
0,1,0,0,0,2,9916,9353,1,4.7,93,82,802,0
0,1,0,0,0,5,0,0,1,2.3,45,24,809,25945
0,1,0,0,0,2,77740,76520,1,3,60,65,817,65060
0,1,0,0,0,2,416462,418512,1,2.5,50,46,807,68691
0,1,0,0,0,5,37718,36462,2,4.3,86,88,818,34811
0,0,0,0,0,7,823844,815195,2,4.7,93,89,819,16425
0,1,57,0,57,3,0,0,2,4,79,80,818,2774
0,1,0,0,0,2,0,0,1,0,0,0,805,0
0,1,0,0,0,2,189418,186681,1,3.4,67,76,810,0
0,0,4,0,4,2,224402,223919,2,3.1,63,70,819,1616
0,1,0,0,0,2,0,0,1,3,60,0,815,0
0,1,0,0,0,2,0,0,2,4,81,76,820,12993
0,1,0,0,0,2,0,0,2,4.6,92,92,817,48959
0,1,0,0,0,2,31593,30850,1,3.5,63,85,808,0
0,1,0,0,0,2,189418,186681,1,3.4,67,76,814,0
0,0,0,0,0,2,0,0,2,4.5,91,53,810,33221
0,0,0,0,0,2,0,0,2,4.6,92,91,814,75353
0,1,0,0,0,2,628597,617338,1,3,60,87,807,58305
0,1,0,0,0,2,0,0,1,3,60,0,820,0
0,1,0,0,0,2,0,0,1,2.1,43,27,819,0
0,0,0,0,0,2,0,0,2,4.2,83,82,813,25709
0,0,0,0,0,2,0,0,2,4.2,83,82,814,25709
0,1,0,0,0,2,26489,26652,1,3.6,72,80,799,0
0,1,0,0,0,2,1711,1675,1,3.2,64,98,814,0
0,1,0,0,0,2,149787,144566,1,2.3,45,43,797,27046
0,1,0,0,0,5,0,0,1,2.3,45,24,806,25945
0,1,0,0,0,2,0,0,2,4.5,90,89,813,54210
0,0,0,0,0,8,942649,944949,2,4.6,92,92,819,18495
0,1,0,0,0,2,21813,22456,1,3,60,0,812,0
0,1,0,0,0,2,0,0,1,3.5,70,82,811,60570
0,1,0,0,0,2,0,0,1,3.3,66,61,818,17423
0,1,0,0,0,2,0,0,1,3.4,68,89,819,68648
0,1,0,0,0,2,10074,10560,1,4.3,86,100,791,0
0,0,0,0,0,2,242009,249571,2,3.2,64,65,816,31016
0,1,0,0,0,2,31190,31215,1,2.5,50,33,818,0
0,1,0,0,0,2,0,0,1,3.1,63,74,819,0
0,1,0,0,0,2,0,0,1,3.4,67,78,819,77628
0,1,0,0,0,2,0,0,1,3.9,77,0,808,0
0,0,0,0,0,2,0,0,1,0,0,0,813,14958
0,1,0,0,0,2,4949,4925,1,3,60,68,814,62759
0,1,0,0,0,2,0,0,2,4.1,82,86,814,48413
0,1,0,0,0,2,0,0,2,4.5,91,90,803,53149
0,1,0,0,0,2,62322,60724,2,4.5,89,92,812,63072
0,1,0,0,0,3,537448,523515,2,4.2,83,86,808,37161
0,1,0,0,0,2,31190,31215,1,2.5,50,33,817,0
0,1,0,0,0,2,0,0,1,0,0,0,818,0
0,1,0,0,0,2,0,0,1,3.1,63,77,818,0
0,1,0,0,0,2,149787,144566,1,2.3,45,43,798,27046
0,1,0,0,0,2,0,0,2,4.4,88,91,800,0
0,1,0,0,0,2,0,0,1,3.1,63,86,812,91878
0,1,0,0,0,5,0,0,1,2.3,45,24,802,25945
0,1,0,0,0,2,0,0,2,3.9,78,79,815,34478
0,1,0,0,0,1,0,0,2,4.6,92,91,819,4617
0,1,0,0,0,2,1402,1375,1,0,0,0,812,0
0,1,0,0,0,2,26489,26652,1,3.6,72,80,807,0
0,1,386,4,386,2,246043,515530,1,0,0,0,818,486
0,1,0,0,0,2,628597,617338,1,3,60,87,819,58305
0,1,0,0,0,2,149787,144566,1,2.3,45,43,817,27046
0,1,0,0,0,2,0,0,1,0.3,7,29,820,36674
0,0,0,0,0,2,0,0,1,0,0,0,816,0
0,1,0,0,0,2,0,0,1,3.1,63,74,818,0
0,1,0,0,0,2,44979,43167,2,4,81,84,819,93150
0,1,0,0,0,2,0,0,2,4.1,82,90,817,8968
0,1,0,0,0,2,996193,739521,2,4.2,83,80,799,0
0,1,0,0,0,2,0,0,1,2.5,49,34,820,12387
0,1,0,0,0,2,231947,228432,1,3.7,74,87,802,0
0,1,0,0,0,2,118605,114819,2,4.5,90,91,818,26413
0,1,0,0,0,2,0,0,1,0.3,7,29,818,36674
0,1,0,0,0,2,0,0,1,3.4,68,89,819,68648
0,0,0,0,0,2,0,0,2,4.2,83,82,813,25709
0,1,0,0,0,2,77740,76520,1,3,60,65,818,65060
0,1,0,0,0,2,0,0,2,4.7,93,90,814,64783
0,0,161,0,161,2,224402,223919,2,3.1,63,70,819,1616
0,1,0,0,0,2,440208,914158,1,2.8,56,45,819,23040
0,1,0,0,0,2,0,0,1,3,60,29,818,0
0,1,0,0,0,2,0,0,1,0,0,0,803,0
0,1,0,0,0,2,111722,106126,2,3.3,65,70,814,40480
0,1,0,0,0,2,614338,622508,1,3.3,66,84,799,48717
0,1,0,0,0,2,44979,43167,2,4,81,84,818,93150
0,1,0,0,0,2,0,0,1,3,61,65,819,0
0,1,0,0,0,2,118605,114819,2,4.5,90,91,816,26413
0,1,0,0,0,2,358257,150016,2,3.6,73,71,812,10352
0,1,0,0,0,2,0,0,1,3.3,66,72,817,0
0,1,0,0,0,2,0,0,1,3.4,68,89,819,68648
0,0,0,0,0,2,0,0,2,4.2,83,82,819,25709
0,1,0,0,0,2,0,0,2,4.7,93,90,807,64783
0,1,0,0,0,2,0,0,1,3,61,65,818,0
0,1,0,0,0,2,0,0,1,3.6,73,74,792,37614
0,1,0,0,0,2,0,0,1,0,0,0,819,0
0,1,0,0,0,2,0,0,1,0,0,0,792,0
0,1,0,0,0,3,0,0,2,4.3,86,84,819,41475
0,0,0,0,0,2,0,0,2,4.4,88,88,819,61423
0,1,0,0,0,2,231947,228432,1,3.7,74,87,812,0
0,1,0,0,0,2,0,0,1,0,0,0,804,17592
0,1,0,0,0,2,62322,60724,2,4.5,89,92,810,63072
0,1,0,0,0,2,1402,1375,1,0,0,0,812,0
0,1,0,0,0,2,846903,806206,2,4.7,93,91,813,19375
0,1,0,0,0,2,463353,455329,1,1.7,34,45,811,56000
0,1,0,0,0,2,0,0,1,3.1,63,74,819,0
0,1,0,0,0,2,0,0,1,4,81,77,813,0
0,1,0,0,0,3,0,0,2,4,79,80,820,2774
0,1,0,0,0,2,127093,128617,2,4.3,87,87,815,23950
0,1,0,0,0,2,28514,26157,1,3,60,72,815,0
0,1,0,0,0,2,0,0,1,3,60,0,814,0
0,1,0,0,0,2,0,0,1,0,0,0,808,0
0,1,0,0,0,2,0,0,1,0.3,7,29,820,36674
0,1,0,0,0,2,0,0,2,4.7,93,90,804,64783
0,1,0,0,0,2,0,0,1,3.1,62,62,817,0
0,0,0,0,0,2,0,0,1,0,0,0,808,3921
0,1,0,0,0,2,0,0,1,0,0,0,815,61606
0,0,0,0,0,2,0,0,2,4.5,89,91,801,0
0,1,278,0,278,3,0,0,2,4,79,80,817,2774
0,1,0,0,0,2,0,0,1,3.9,77,0,811,0
0,1,0,0,0,2,0,0,1,3,60,0,815,0
0,0,0,0,0,2,0,0,2,4.4,88,88,817,61423
0,1,0,0,0,2,0,0,1,4,81,77,810,0
0,1,0,0,0,2,330704,318461,2,4.3,87,89,818,18533
0,1,0,0,0,2,0,0,1,4,81,77,815,0
0,1,0,0,0,3,0,0,2,4.3,86,84,819,41475
0,1,0,0,0,2,0,0,1,0.3,7,29,820,36674
0,1,0,0,0,2,0,0,1,3.9,77,0,813,0
0,1,0,0,0,2,0,0,1,1.7,34,35,818,32398
0,1,0,0,0,2,0,0,1,3.6,73,74,814,37614
0,1,0,0,0,2,31593,30850,1,3.5,63,85,809,0
0,1,0,0,0,2,0,0,1,2.1,43,27,812,0
0,1,0,0,0,5,37718,36462,2,4.3,86,88,818,34811
0,1,0,0,0,2,77740,76520,1,3,60,65,815,65060
0,1,0,0,0,2,46824,46236,1,2.6,52,57,815,60463
0,1,0,0,0,2,21813,22456,1,3,60,0,811,0
0,1,0,0,0,2,996193,739521,2,4.2,83,80,800,0
0,1,0,0,0,2,0,0,2,3.9,78,79,810,34478
0,1,0,0,0,2,463353,455329,1,1.7,34,45,811,56000
0,1,0,0,0,2,1402,1375,1,0,0,0,814,0
0,1,0,0,0,2,0,0,1,0,0,0,816,0
0,1,0,0,0,2,26489,26652,1,3.6,72,80,807,0
0,1,0,0,0,2,0,0,1,3.3,66,72,810,0
0,1,0,0,0,2,0,0,1,2.6,53,59,818,43665
0,0,0,0,0,2,0,0,2,4,81,80,819,22891
0,1,0,0,0,2,846903,806206,2,4.7,93,91,813,19375
0,0,0,0,0,2,0,0,1,3.1,63,75,811,84363
0,1,0,0,0,2,0,0,1,2.1,42,43,813,0
0,1,0,0,0,2,0,0,1,3,60,29,814,0
0,1,0,0,0,2,149787,144566,1,2.3,45,43,815,27046
0,1,0,0,0,2,0,0,2,3.9,78,79,813,34478
0,1,0,0,0,2,26489,26652,1,3.6,72,80,807,0
0,1,0,0,0,2,247459,141328,2,4,81,85,819,14170
0,0,0,0,0,2,0,0,2,4.6,92,91,813,75353
0,1,0,0,0,2,0,0,1,3,61,65,819,0
0,1,0,0,0,2,0,0,1,4,81,77,813,0
0,1,0,0,0,2,0,0,1,3.5,69,92,816,0
0,1,0,0,0,1,0,0,2,4.2,83,83,819,1550
0,1,0,0,0,2,111722,106126,2,3.3,65,70,816,40480
0,1,0,0,0,2,0,0,2,3.9,78,79,819,34478
0,1,0,0,0,5,37718,36462,2,4.3,86,88,815,34811
0,1,0,0,0,2,118605,114819,2,4.5,90,91,818,26413
0,0,0,0,0,2,0,0,2,4.6,92,91,813,75353
0,1,0,0,0,3,0,0,2,4,79,80,819,2774
0,1,0,0,0,2,0,0,2,4.2,83,80,820,18369
0,1,0,0,0,2,4949,4925,1,3,60,68,820,62759
0,1,0,0,0,2,79800,79476,1,2.7,54,49,814,0
0,1,0,0,0,2,0,0,2,4.5,90,89,807,54210
0,1,0,0,0,2,0,0,1,2.6,53,59,806,22432
0,1,0,0,0,5,37718,36462,2,4.3,86,88,812,34811
0,1,0,0,0,2,247459,141328,2,4,81,85,817,14170
0,1,0,0,0,2,44979,43167,2,4,81,84,811,93150
0,1,0,0,0,2,0,0,1,0,0,0,818,0
0,1,0,0,0,2,0,0,1,0,0,0,820,6659
0,1,0,0,0,2,0,0,2,3.7,74,80,803,96853
0,1,0,0,0,2,0,0,1,2.5,49,34,820,12387
0,1,0,0,0,2,0,0,1,3.9,77,0,818,0
0,1,0,0,0,2,0,0,1,3.6,73,71,806,0
0,1,0,0,0,2,0,0,1,4,81,77,812,0
0,1,0,0,0,2,0,0,1,4,80,86,817,0
0,1,0,0,0,5,0,0,1,2.3,45,24,812,25945
0,1,0,0,0,2,0,0,1,3.4,67,78,819,77628
0,1,0,0,0,2,0,0,1,0,0,0,804,0
0,1,0,0,0,2,0,0,1,3,61,82,818,0
0,1,0,0,0,2,0,0,1,3.3,66,72,817,0
0,0,0,0,0,2,0,0,2,4,81,80,819,22891
0,0,0,0,0,2,0,0,2,4.5,91,53,799,33221
0,1,0,0,0,2,0,0,2,3.7,74,80,795,96853
0,1,0,0,0,2,9916,9353,1,4.7,93,82,797,0
0,1,0,0,0,2,46824,46236,1,2.6,52,57,792,60463
0,1,0,0,0,2,0,0,1,3.4,68,89,819,68648
0,1,0,0,0,2,0,0,1,3.4,68,89,819,68648
0,0,0,0,0,2,10248,10271,2,4.5,91,90,819,93026
0,1,0,0,0,2,0,0,2,3.1,63,62,812,0
0,1,0,0,0,2,0,0,2,4.4,88,91,803,0
0,0,0,0,0,2,0,0,2,4.5,89,91,802,0
0,1,0,0,0,2,231947,228432,1,3.7,74,87,815,0
0,1,0,0,0,2,0,0,2,3.9,78,79,818,34478
0,1,0,0,0,2,0,0,1,3,61,65,818,0
0,1,0,0,0,2,0,0,2,4.5,89,88,805,63847
0,1,0,0,0,2,127093,128617,2,4.3,87,87,819,23950
0,1,0,0,0,2,0,0,1,3.1,63,86,819,91878
0,1,0,0,0,2,42042,41347,1,4.9,98,97,808,0
0,1,0,0,0,2,0,0,1,3.1,63,86,820,91878
0,1,0,0,0,2,0,0,1,3.4,67,78,819,77628
0,1,0,0,0,2,628597,617338,1,3,60,87,814,58305
0,1,0,0,0,2,0,0,1,3,60,0,812,0
0,1,0,0,0,3,0,0,2,4.3,86,84,819,41475
0,1,0,0,0,2,0,0,1,0,0,0,819,61606
0,1,931,0,931,6,0,0,0,2.8,56,59,816,6416
0,1,0,0,0,2,0,0,2,4.2,83,80,813,18369
0,1,0,0,0,2,62322,60724,2,4.5,89,92,815,63072
0,1,0,0,0,2,0,0,1,3.5,70,82,816,60570
0,1,0,0,0,2,9916,9353,1,4.7,93,82,802,0
0,1,0,0,0,2,0,0,1,2.1,43,27,818,0
0,1,0,0,0,2,0,0,1,3.4,67,78,816,77628
0,1,0,0,0,2,79800,79476,1,2.7,54,49,811,0
0,1,0,0,0,2,28514,26157,1,3,60,72,811,0
0,1,0,0,0,2,0,0,1,0,0,0,812,0
0,0,0,0,0,7,823844,815195,2,4.7,93,89,820,16425
0,1,0,0,0,2,4949,4925,1,3,60,68,812,62759
0,1,0,0,0,2,0,0,2,3.9,78,79,811,34478
0,1,0,0,0,2,26489,26652,1,3.6,72,80,819,0
0,1,0,0,0,2,242009,249571,2,3.2,64,65,814,31016
0,1,0,0,0,2,0,0,1,3,61,65,819,0
0,1,877,0,877,2,0,0,2,4.2,83,80,818,18369
0,1,0,0,0,2,0,0,1,3.1,62,62,818,0
0,1,0,0,0,2,0,0,2,3.8,75,98,814,91187
0,1,0,0,0,2,457911,402901,2,4,79,87,809,30890
0,1,0,0,0,2,0,0,2,4,80,80,811,0
0,1,0,0,0,2,0,0,1,0,0,0,814,0
0,1,0,0,0,2,0,0,1,0,0,0,804,17592
0,1,0,0,0,2,0,0,2,4.4,88,91,790,0
0,1,0,0,0,2,0,0,1,2.6,53,59,803,22432
0,0,0,0,0,2,0,0,2,4.2,83,82,815,25709
0,1,0,0,0,2,0,0,1,0,0,0,812,61606
0,1,0,0,0,2,0,0,1,3.4,68,89,819,68648
0,1,0,0,0,2,330704,318461,2,4.3,87,89,819,18533
0,1,0,0,0,2,118605,114819,2,4.5,90,91,819,26413
0,1,0,0,0,2,79800,79476,1,2.7,54,49,805,0
0,1,0,0,0,2,21813,22456,1,3,60,0,805,0
0,1,0,0,0,2,0,0,1,2.6,53,59,817,43665
0,1,25,0,25,3,0,0,2,4,79,80,818,2774
0,1,0,0,0,2,0,0,1,3.4,68,89,819,68648
0,1,951,0,951,6,0,0,0,2.8,56,59,816,6416
0,1,0,0,0,2,12055,11750,1,3.3,66,69,797,0
0,0,0,0,0,8,942649,944949,2,4.6,92,92,818,18495
0,1,0,0,0,2,0,0,1,4,80,86,815,0
0,1,0,0,0,2,231947,228432,1,3.7,74,87,811,0
0,1,0,0,0,2,46824,46236,1,2.6,52,57,817,60463
0,1,0,0,0,2,42042,41347,1,4.9,98,97,811,0
0,1,604,0,604,1,0,0,2,4.6,92,91,818,4617
0,0,0,0,0,2,0,0,2,4.2,83,82,816,25709
0,1,0,0,0,2,0,0,1,3.4,68,89,819,68648
0,1,0,0,0,2,111722,106126,2,3.3,65,70,817,40480
0,1,0,0,0,2,46824,46236,1,2.6,52,57,809,60463
0,0,601,0,601,7,823844,815195,2,4.7,93,89,814,16425
0,1,0,0,0,3,537448,523515,2,4.2,83,86,817,37161
0,1,0,0,0,2,247459,141328,2,4,81,85,820,14170
0,1,0,0,0,5,0,0,1,2.3,45,24,794,25945
0,1,0,0,0,2,0,0,2,4.6,92,92,815,48959
0,1,0,0,0,2,0,0,1,3.5,70,82,811,60570
0,0,0,0,0,2,0,0,2,4.2,83,82,813,25709
0,1,0,0,0,2,149787,144566,1,2.3,45,43,806,27046
0,1,0,0,0,2,9916,9353,1,4.7,93,82,814,0
0,1,0,0,0,5,0,0,1,2.2,44,39,800,0
0,1,0,0,0,2,0,0,1,2.5,51,41,807,94243
0,1,0,0,0,2,247459,141328,2,4,81,85,817,14170
0,0,0,0,0,2,0,0,2,4.2,83,82,811,25709
0,1,0,0,0,2,111722,106126,2,3.3,65,70,815,40480
0,1,0,0,0,2,0,0,1,3.5,70,82,790,60570
0,0,0,0,0,2,0,0,2,4.2,83,82,814,25709
0,0,0,0,0,2,0,0,2,4.5,91,53,814,33221
0,1,0,0,0,2,0,0,1,0,0,0,812,61606
0,1,0,0,0,1,0,0,1,3,60,54,803,25689
0,1,0,0,0,2,127093,128617,2,4.3,87,87,818,23950
0,1,0,0,0,2,246043,515530,1,0,0,0,818,486
0,1,0,0,0,2,0,0,1,3,60,29,799,0
0,1,0,0,0,2,34512,34121,1,3.9,77,24,798,0
0,1,0,0,0,2,4157,4344,1,3.8,76,97,808,51246
0,1,0,0,0,2,9916,9353,1,4.7,93,82,798,0
0,0,0,0,0,7,823844,815195,2,4.7,93,89,808,16425
0,1,0,0,0,2,0,0,2,4.6,92,92,813,48959
0,0,0,0,0,2,0,0,2,4,81,80,820,22891
0,1,0,0,0,2,0,0,1,3.1,62,62,820,0
0,1,0,0,0,2,0,0,1,0,0,0,813,0
0,0,0,0,0,3,0,0,1,1.3,26,24,819,0
0,1,0,0,0,2,127093,128617,2,4.3,87,87,815,23950
0,1,0,0,0,2,44979,43167,2,4,81,84,805,93150
0,1,0,0,0,2,628597,617338,1,3,60,87,805,58305
0,1,0,0,0,1,0,0,2,4.6,92,91,818,4617
0,1,0,0,0,2,0,0,1,3.4,67,78,818,77628
0,1,0,0,0,2,10149,9905,2,3.3,65,62,807,85288
0,1,0,0,0,2,0,0,1,3.5,70,39,809,0
0,0,0,0,0,8,942649,944949,2,4.6,92,92,820,18495
0,1,0,0,0,5,37718,36462,2,4.3,86,88,815,34811
0,1,0,0,0,2,0,0,1,3,60,0,813,0
0,1,0,0,0,2,0,0,1,0,0,0,817,30230
0,0,0,0,0,2,0,0,2,4.5,91,88,791,40299
0,1,0,0,0,2,127093,128617,2,4.3,87,87,818,23950
0,1,0,0,0,5,0,0,1,2.3,45,24,792,25945
0,1,0,0,0,3,537448,523515,2,4.2,83,86,819,37161
0,1,0,0,0,2,4949,4925,1,3,60,68,812,62759
0,1,0,0,0,2,0,0,1,3,60,0,814,0
0,1,0,0,0,2,31190,31215,1,2.5,50,33,819,0
0,0,0,0,0,3,0,0,1,1.3,26,24,818,0
0,1,0,0,0,2,149787,144566,1,2.3,45,43,813,27046
0,1,0,0,0,2,0,0,1,1.7,34,35,818,32398
0,0,0,0,0,2,0,0,2,4.5,91,88,800,40299
0,1,0,0,0,2,0,0,1,2.6,53,59,813,35234
0,1,0,0,0,1,894210,903764,2,3.6,72,85,792,15846
0,1,0,0,0,2,0,0,1,2.5,49,34,820,12387
0,0,0,0,0,2,0,0,1,3.1,63,75,818,84363
0,1,0,0,0,2,0,0,1,2.6,52,49,793,36845
0,1,0,0,0,2,0,0,2,4.1,82,90,818,8968
0,1,0,0,0,2,0,0,2,3.9,78,79,817,34478
0,1,0,0,0,3,537448,523515,2,4.2,83,86,810,37161
0,1,0,0,0,2,0,0,1,3.6,73,71,815,0
0,1,0,0,0,2,0,0,1,3.1,62,77,808,0
0,1,0,0,0,2,0,0,1,3.6,73,89,798,0
0,1,0,0,0,2,46824,46236,1,2.6,52,57,806,60463
0,1,0,0,0,2,149787,144566,1,2.3,45,43,814,27046
0,0,41,0,41,7,823844,815195,2,4.7,93,89,813,16425
0,1,0,0,0,3,537448,523515,2,4.2,83,86,811,37161
0,1,0,0,0,2,4157,4344,1,3.8,76,97,801,51246
0,1,0,0,0,2,0,0,1,2.1,43,27,810,0
0,1,0,0,0,2,4157,4344,1,3.8,76,97,810,51246
0,1,0,0,0,2,628597,617338,1,3,60,87,804,58305
0,1,0,0,0,2,416462,418512,1,2.5,50,46,813,68691
0,1,0,0,0,2,0,0,1,3.6,73,71,812,0
0,0,0,0,0,2,247038,239927,2,4.5,89,89,814,23405
0,1,0,0,0,2,0,0,1,2.1,42,43,808,0
0,1,0,0,0,2,358257,150016,2,3.6,73,71,819,10352
0,1,0,0,0,1,0,0,2,4.2,83,83,819,1550
0,1,0,0,0,5,37718,36462,2,4.3,86,88,815,34811
0,1,0,0,0,2,0,0,1,0,0,0,813,0
0,1,0,0,0,2,0,0,1,3,60,0,818,0
0,0,0,0,0,2,0,0,2,4.6,92,91,814,75353
0,1,56,0,56,2,0,0,2,4.5,90,89,820,2435
0,1,320,0,320,2,246043,515530,1,0,0,0,818,486
0,0,0,0,0,2,0,0,1,0,0,0,791,98679
0,1,0,0,0,2,28514,26157,1,3,60,72,810,0
0,1,0,0,0,2,0,0,1,2.5,49,34,820,12387
0,1,0,0,0,2,0,0,1,3.6,73,74,811,37614
0,0,0,0,0,2,0,0,1,3.1,63,75,808,84363
0,1,0,0,0,2,28514,26157,1,3,60,72,815,0
0,1,0,0,0,2,0,0,2,4.7,93,90,815,64783
0,0,0,0,0,2,0,0,2,4.4,88,88,818,61423
0,1,0,0,0,2,0,0,1,4.6,92,90,811,0
0,1,0,0,0,2,0,0,1,0,0,0,812,61606
0,1,0,0,0,2,0,0,1,0,0,0,819,67400
0,1,0,0,0,2,0,0,1,3.9,77,0,806,0
0,0,0,0,0,2,0,0,2,4.4,88,88,819,61423
0,1,0,0,0,2,4157,4344,1,3.8,76,97,808,51246
0,1,0,0,0,1,894210,903764,2,3.6,72,85,807,15846
0,1,0,0,0,2,0,0,1,2.1,42,43,809,0
0,0,0,0,0,2,0,0,2,4,81,80,820,22891
0,0,0,0,0,2,0,0,1,2.8,56,56,811,44451
0,1,0,0,0,2,0,0,1,3.5,70,39,810,0
0,0,0,0,0,2,0,0,2,4.2,83,82,816,25709
0,1,0,0,0,2,0,0,1,3.6,73,71,820,0
0,1,0,0,0,2,0,0,1,0,0,0,817,0
0,1,0,0,0,2,0,0,1,0,0,0,817,0
0,1,0,0,0,2,0,0,1,3.6,73,74,805,37614
0,0,0,0,0,2,10248,10271,2,4.5,91,90,818,93026
0,0,0,0,0,7,823844,815195,2,4.7,93,89,793,16425
0,0,0,0,0,7,823844,815195,2,4.7,93,89,805,16425
0,1,0,0,0,5,37718,36462,2,4.3,86,88,815,34811
0,0,0,0,0,2,242009,249571,2,3.2,64,65,818,31016
0,1,0,0,0,2,231947,228432,1,3.7,74,87,812,0
0,1,0,0,0,2,46824,46236,1,2.6,52,57,818,60463
0,1,0,0,0,2,596710,561909,2,3.1,63,68,818,0
0,1,0,0,0,2,0,0,1,3.5,70,82,805,60570
0,1,0,0,0,2,0,0,1,3.1,62,77,811,0
0,0,0,0,0,2,0,0,2,4.2,83,82,812,25709
0,1,0,0,0,2,0,0,1,2.1,42,43,814,0
0,1,0,0,0,2,111722,106126,2,3.3,65,70,815,40480
0,1,0,0,0,2,358257,150016,2,3.6,73,71,818,10352
0,1,0,0,0,2,0,0,1,3.1,63,86,816,91878
0,1,0,0,0,2,0,0,1,3.5,70,82,800,60570
0,0,0,0,0,2,0,0,2,4.5,91,88,799,40299
0,1,0,0,0,2,614338,622508,1,3.3,66,84,791,48717
0,0,0,0,0,2,597340,618906,1,4.7,94,61,794,0
0,1,0,0,0,2,0,0,1,0,0,0,816,30230
0,1,102,0,102,3,0,0,2,4,79,80,819,2774
0,1,0,0,0,2,42042,41347,1,4.9,98,97,807,0
0,1,0,0,0,2,0,0,1,2.1,43,27,812,0
0,1,0,0,0,2,46824,46236,1,2.6,52,57,814,60463
0,1,0,0,0,2,0,0,1,0,0,0,813,67400
0,1,0,0,0,2,0,0,2,4,81,76,819,12993
0,1,0,0,0,2,0,0,1,3.1,63,74,819,0
0,1,0,0,0,2,0,0,1,0,0,0,816,30230
0,1,0,0,0,2,996193,739521,2,4.2,83,80,807,0
0,1,0,0,0,2,358257,150016,2,3.6,73,71,813,10352
0,0,0,0,0,2,0,0,1,0,0,0,808,0
0,1,0,0,0,2,0,0,1,3.1,63,74,819,0
0,1,0,0,0,2,79800,79476,1,2.7,54,49,801,0
0,1,0,0,0,2,0,0,1,3.5,69,92,790,0
0,1,0,0,0,2,0,0,2,4.7,93,90,806,64783
0,0,1,0,1,2,224402,223919,2,3.1,63,70,819,1616
0,1,0,0,0,2,0,0,1,3.6,73,71,801,0
0,1,0,0,0,2,0,0,1,2.5,51,41,818,94243
0,1,0,0,0,2,0,0,1,3.3,66,72,811,0
0,1,0,0,0,2,628597,617338,1,3,60,87,813,58305
0,1,0,0,0,2,0,0,1,3.1,63,74,819,0
0,1,0,0,0,2,0,0,1,2.1,43,27,817,0
0,0,0,0,0,1,894210,903764,2,3.6,72,85,794,15846
0,1,0,0,0,2,0,0,2,4.5,91,90,818,53149
0,1,0,0,0,2,26489,26652,1,3.6,72,80,807,0
0,1,0,0,0,2,358257,150016,2,3.6,73,71,813,10352
0,1,0,0,0,2,440208,914158,1,2.8,56,45,816,23040
0,1,0,0,0,2,0,0,1,0,0,0,812,17592
0,1,0,0,0,2,616920,597053,2,3.5,70,74,810,10414
0,1,0,0,0,2,0,0,2,4.5,90,89,810,54210
0,1,0,0,0,2,0,0,1,2.1,42,43,807,0
0,1,0,0,0,2,127093,128617,2,4.3,87,87,814,23950
0,0,0,0,0,3,0,0,2,4.3,86,84,819,41475
0,1,434,0,434,2,422730,424756,2,4.3,87,87,819,538
0,1,0,0,0,2,0,0,1,3,61,65,819,0
0,1,0,0,0,2,0,0,2,4.4,88,91,817,0
0,1,0,0,0,2,0,0,1,3.1,63,86,818,91878
0,1,0,0,0,2,0,0,1,3.4,67,78,815,77628
0,0,0,0,0,8,942649,944949,2,4.6,92,92,818,18495
0,1,0,0,0,2,0,0,1,3.5,70,39,814,0
0,1,0,0,0,2,0,0,1,0.3,7,29,820,36674
0,1,0,0,0,2,77740,76520,1,3,60,65,818,65060
0,1,0,0,0,2,0,0,1,4.6,92,90,807,51784
0,1,0,0,0,2,0,0,1,0,0,0,816,61606
0,0,0,0,0,2,0,0,2,4.2,83,82,815,25709
0,1,0,0,0,2,0,0,1,3.6,73,71,806,0
0,1,0,0,0,2,149787,144566,1,2.3,45,43,809,27046
0,1,0,0,0,2,0,0,1,3.4,68,89,819,68648
0,0,0,0,0,2,10248,10271,2,4.5,91,90,818,93026
0,1,0,0,0,2,0,0,1,3.9,77,0,813,0
0,1,112,0,112,2,422730,424756,2,4.3,87,87,820,538
0,1,0,0,0,2,127093,128617,2,4.3,87,87,818,23950
0,1,0,0,0,2,0,0,1,0,0,0,815,17592
0,1,0,0,0,2,1402,1375,1,0,0,0,815,0
0,1,0,0,0,2,0,0,1,2.1,43,27,818,0
0,1,0,0,0,2,0,0,2,4.5,89,88,796,63847
0,1,0,0,0,2,0,0,2,4.5,91,90,807,53149
0,0,0,0,0,2,0,0,2,4.2,83,82,817,25709
0,1,0,0,0,2,0,0,1,0,0,0,816,30230
0,1,0,0,0,2,614338,622508,1,3.3,66,84,793,48717
0,0,0,0,0,2,0,0,2,4,81,80,820,22891
